600000.SH,浦发银行
600004.SH,白云机场
600006.SH,东风股份
600007.SH,中国国贸
600008.SH,首创环保
600009.SH,上海机场
600010.SH,包钢股份
600011.SH,华能国际
600012.SH,皖通高速
600015.SH,华夏银行
600016.SH,民生银行
600017.SH,日照港
600018.SH,上港集团
600019.SH,宝钢股份
600020.SH,中原高速
600021.SH,上海电力
600022.SH,山东钢铁
600023.SH,浙能电力
600025.SH,华能水电
600026.SH,中远海能
600027.SH,华电国际
600028.SH,中国石化
600029.SH,南方航空
600030.SH,中信证券
600031.SH,三一重工
600032.SH,浙江新能
600033.SH,福建高速
600035.SH,楚天高速
600036.SH,招商银行
600037.SH,歌华有线
600038.SH,中直股份
600039.SH,四川路桥
600048.SH,保利发展
600050.SH,中国联通
600051.SH,宁波联合
600052.SH,东望时代
600053.SH,九鼎投资
600054.SH,黄山旅游
600055.SH,万东医疗
600056.SH,中国医药
600057.SH,厦门象屿
600058.SH,五矿发展
600059.SH,古越龙山
600060.SH,海信视像
600061.SH,国投资本
600062.SH,华润双鹤
600063.SH,皖维高新
600064.SH,南京高科
600066.SH,宇通客车
600067.SH,冠城新材
600071.SH,凤凰光学
600072.SH,中船科技
600073.SH,光明肉业
600075.SH,新疆天业
600076.SH,康欣新材
600078.SH,澄星股份
600079.SH,人福医药
600080.SH,金花股份
600081.SH,东风科技
600082.SH,海泰发展
600084.SH,中信尼雅
600085.SH,同仁堂
600088.SH,中视传媒
600089.SH,特变电工
600094.SH,大名城
600095.SH,湘财股份
600096.SH,云天化
600097.SH,开创国际
600098.SH,广州发展
600099.SH,林海股份
600100.SH,同方股份
600101.SH,明星电力
600103.SH,青山纸业
600104.SH,上汽集团
600105.SH,永鼎股份
600106.SH,重庆路桥
600107.SH,ST尔雅
600108.SH,亚盛集团
600109.SH,国金证券
600110.SH,诺德股份
600111.SH,北方稀土
600113.SH,浙江东日
600114.SH,东睦股份
600115.SH,中国东航
600116.SH,三峡水利
600117.SH,西宁特钢
600118.SH,中国卫星
600119.SH,长江投资
600120.SH,浙江东方
600121.SH,郑州煤电
600123.SH,兰花科创
600125.SH,铁龙物流
600126.SH,杭钢股份
600127.SH,金健米业
600128.SH,苏豪弘业
600129.SH,太极集团
600130.SH,*ST波导
600131.SH,国网信通
600132.SH,重庆啤酒
600133.SH,东湖高新
600135.SH,乐凯胶片
600136.SH,ST明诚
600137.SH,浪莎股份
600138.SH,中青旅
600141.SH,兴发集团
600143.SH,金发科技
600148.SH,长春一东
600149.SH,廊坊发展
600150.SH,中国船舶
600151.SH,航天机电
600152.SH,维科技术
600153.SH,建发股份
600155.SH,华创云信
600156.SH,华升股份
600157.SH,永泰能源
600158.SH,中体产业
600159.SH,大龙地产
600160.SH,巨化股份
600161.SH,天坛生物
600162.SH,香江控股
600163.SH,中闽能源
600165.SH,ST宁科
600166.SH,福田汽车
600167.SH,联美控股
600168.SH,武汉控股
600169.SH,太原重工
600170.SH,上海建工
600171.SH,上海贝岭
600172.SH,黄河旋风
600173.SH,卧龙新能
600176.SH,中国巨石
600177.SH,雅戈尔
600178.SH,东安动力
600179.SH,安通控股
600180.SH,瑞茂通
600182.SH,S佳通
600183.SH,生益科技
600184.SH,光电股份
600185.SH,珠免集团
600186.SH,莲花控股
600187.SH,国中水务
600188.SH,兖矿能源
600189.SH,泉阳泉
600190.SH,*ST锦港
600191.SH,华资实业
600192.SH,长城电工
600193.SH,*ST创兴
600195.SH,中牧股份
600196.SH,复星医药
600197.SH,伊力特
600198.SH,大唐电信
600199.SH,金种子酒
600200.SH,*ST苏吴
600201.SH,生物股份
600202.SH,哈空调
600203.SH,福日电子
600206.SH,有研新材
600207.SH,安彩高科
600208.SH,衢州发展
600210.SH,紫江企业
600211.SH,西藏药业
600212.SH,绿能慧充
600215.SH,派斯林
600216.SH,浙江医药
600217.SH,中再资环
600218.SH,全柴动力
600219.SH,南山铝业
600221.SH,海航控股
600222.SH,太龙药业
600223.SH,福瑞达
600226.SH,亨通股份
600227.SH,赤天化
600228.SH,*ST返利
600229.SH,城市传媒
600230.SH,沧州大化
600231.SH,凌钢股份
600232.SH,金鹰股份
600233.SH,圆通速递
600234.SH,科新发展
600235.SH,民丰特纸
600236.SH,桂冠电力
600237.SH,铜峰电子
600238.SH,*ST椰岛
600239.SH,云南城投
600241.SH,时代万恒
600243.SH,*ST海华
600246.SH,万通发展
600248.SH,陕建股份
600249.SH,两面针
600250.SH,南京商旅
600251.SH,冠农股份
600252.SH,中恒集团
600255.SH,鑫科材料
600256.SH,广汇能源
600257.SH,大湖股份
600258.SH,首旅酒店
600259.SH,广晟有色
600261.SH,阳光照明
600262.SH,北方股份
600265.SH,ST景谷
600266.SH,城建发展
600267.SH,海正药业
600268.SH,国电南自
600269.SH,赣粤高速
600271.SH,航天信息
600272.SH,开开实业
600273.SH,XD嘉化能
600276.SH,恒瑞医药
600278.SH,东方创业
600279.SH,重庆港
600280.SH,中央商场
600281.SH,华阳新材
600282.SH,南钢股份
600283.SH,钱江水利
600284.SH,浦东建设
600285.SH,羚锐制药
600287.SH,ST舜天
600288.SH,大恒科技
600289.SH,*ST信通
600292.SH,远达环保
600293.SH,三峡新材
600295.SH,鄂尔多斯
600298.SH,安琪酵母
600299.SH,安迪苏
600300.SH,XD维维股
600301.SH,华锡有色
600302.SH,标准股份
600303.SH,曙光股份
600305.SH,恒顺醋业
600307.SH,酒钢宏兴
600308.SH,华泰股份
600309.SH,万华化学
600310.SH,广西能源
600312.SH,平高电气
600313.SH,农发种业
600315.SH,上海家化
600316.SH,洪都航空
600318.SH,新力金融
600319.SH,亚星化学
600320.SH,振华重工
600322.SH,津投城开
600323.SH,瀚蓝环境
600325.SH,华发股份
600326.SH,西藏天路
600327.SH,大东方
600328.SH,中盐化工
600329.SH,达仁堂
600330.SH,天通股份
600331.SH,宏达股份
600332.SH,白云山
600333.SH,长春燃气
600335.SH,国机汽车
600336.SH,澳柯玛
600337.SH,美克家居
600338.SH,西藏珠峰
600339.SH,中油工程
600340.SH,华夏幸福
600343.SH,航天动力
600345.SH,长江通信
600346.SH,恒力石化
600348.SH,华阳股份
600350.SH,山东高速
600351.SH,亚宝药业
600352.SH,浙江龙盛
600353.SH,旭光电子
600354.SH,敦煌种业
600355.SH,*ST精伦
600356.SH,恒丰纸业
600358.SH,ST联合
600359.SH,新农开发
600360.SH,*ST华微
600361.SH,创新新材
600362.SH,江西铜业
600363.SH,联创光电
600365.SH,ST通葡
600366.SH,宁波韵升
600367.SH,红星发展
600368.SH,五洲交通
600369.SH,西南证券
600370.SH,三房巷
600371.SH,万向德农
600372.SH,中航机载
600373.SH,中文传媒
600375.SH,汉马科技
600376.SH,首开股份
600377.SH,宁沪高速
600378.SH,昊华科技
600379.SH,宝光股份
600380.SH,健康元
600381.SH,*ST春天
600382.SH,广东明珠
600383.SH,金地集团
600386.SH,北巴传媒
600387.SH,*ST海越
600388.SH,龙净环保
600389.SH,江山股份
600390.SH,五矿资本
600391.SH,航发科技
600392.SH,盛和资源
600395.SH,盘江股份
600396.SH,华电辽能
600397.SH,安源煤业
600398.SH,海澜之家
600399.SH,抚顺特钢
600400.SH,红豆股份
600403.SH,大有能源
600405.SH,动力源
600406.SH,国电南瑞
600408.SH,安泰集团
600409.SH,三友化工
600410.SH,华胜天成
600415.SH,小商品城
600416.SH,湘电股份
600418.SH,江淮汽车
600419.SH,天润乳业
600420.SH,国药现代
600421.SH,*ST华嵘
600422.SH,昆药集团
600423.SH,柳化股份
600425.SH,青松建化
600426.SH,华鲁恒升
600428.SH,中远海特
600429.SH,三元股份
600433.SH,冠豪高新
600435.SH,北方导航
600436.SH,片仔癀
600438.SH,通威股份
600439.SH,瑞贝卡
600444.SH,国机通用
600446.SH,金证股份
600448.SH,华纺股份
600449.SH,宁夏建材
600452.SH,涪陵电力
600455.SH,博通股份
600456.SH,宝钛股份
600458.SH,时代新材
600459.SH,贵研铂业
600460.SH,士兰微
600461.SH,洪城环境
600462.SH,*ST九有
600463.SH,空港股份
600467.SH,好当家
600468.SH,百利电气
600469.SH,风神股份
600470.SH,六国化工
600475.SH,华光环能
600476.SH,湘邮科技
600477.SH,杭萧钢构
600478.SH,科力远
600479.SH,千金药业
600480.SH,凌云股份
600481.SH,双良节能
600482.SH,中国动力
600483.SH,福能股份
600486.SH,扬农化工
600487.SH,亨通光电
600488.SH,津药药业
600489.SH,中金黄金
600490.SH,鹏欣资源
600491.SH,龙元建设
600493.SH,凤竹纺织
600495.SH,晋西车轴
600496.SH,精工钢构
600497.SH,驰宏锌锗
600498.SH,烽火通信
600499.SH,科达制造
600500.SH,中化国际
600501.SH,航天晨光
600502.SH,安徽建工
600503.SH,华丽家族
600505.SH,西昌电力
600506.SH,统一股份
600507.SH,方大特钢
600508.SH,上海能源
600509.SH,天富能源
600510.SH,黑牡丹
600511.SH,国药股份
600512.SH,腾达建设
600513.SH,联环药业
600515.SH,海南机场
600516.SH,方大炭素
600517.SH,国网英大
600518.SH,康美药业
600519.SH,贵州茅台
600520.SH,三佳科技
600521.SH,华海药业
600522.SH,中天科技
600523.SH,贵航股份
600525.SH,ST长园
600526.SH,菲达环保
600527.SH,江南高纤
600528.SH,中铁工业
600529.SH,山东药玻
600530.SH,交大昂立
600531.SH,豫光金铅
600533.SH,栖霞建设
600535.SH,天士力
600536.SH,中国软件
600537.SH,亿晶光电
600538.SH,国发股份
600539.SH,狮头股份
600540.SH,新赛股份
600543.SH,莫高股份
600545.SH,卓郎智能
600546.SH,山煤国际
600547.SH,山东黄金
600548.SH,深高速
600549.SH,厦门钨业
600550.SH,保变电气
600551.SH,时代出版
600552.SH,凯盛科技
600556.SH,天下秀
600557.SH,康缘药业
600558.SH,大西洋
600559.SH,老白干酒
600560.SH,金自天正
600561.SH,江西长运
600562.SH,国睿科技
600563.SH,法拉电子
600566.SH,济川药业
600567.SH,山鹰国际
600568.SH,ST中珠
600569.SH,安阳钢铁
600570.SH,恒生电子
600571.SH,信雅达
600572.SH,康恩贝
600573.SH,惠泉啤酒
600575.SH,淮河能源
600576.SH,祥源文旅
600577.SH,精达股份
600578.SH,京能电力
600579.SH,中化装备
600580.SH,卧龙电驱
600581.SH,八一钢铁
600582.SH,天地科技
600583.SH,海油工程
600584.SH,长电科技
600585.SH,海螺水泥
600586.SH,金晶科技
600587.SH,新华医疗
600588.SH,用友网络
600589.SH,大位科技
600590.SH,泰豪科技
600592.SH,龙溪股份
600593.SH,大连圣亚
600594.SH,益佰制药
600595.SH,中孚实业
600596.SH,新安股份
600597.SH,光明乳业
600598.SH,北大荒
600599.SH,*ST熊猫
600600.SH,青岛啤酒
600601.SH,方正科技
600602.SH,云赛智联
600603.SH,ST广物
600604.SH,市北高新
600605.SH,汇通能源
600606.SH,绿地控股
600608.SH,*ST沪科
600609.SH,金杯汽车
600610.SH,中毅达
600611.SH,大众交通
600612.SH,老凤祥
600613.SH,神奇制药
600615.SH,丰华股份
600616.SH,金枫酒业
600617.SH,国新能源
600618.SH,氯碱化工
600619.SH,海立股份
600620.SH,天宸股份
600621.SH,华鑫股份
600622.SH,光大嘉宝
600623.SH,华谊集团
600624.SH,复旦复华
600626.SH,申达股份
600628.SH,新世界
600629.SH,华建集团
600630.SH,龙头股份
600633.SH,浙数文化
600635.SH,大众公用
600636.SH,*ST国化
600637.SH,东方明珠
600638.SH,新黄浦
600639.SH,浦东金桥
600640.SH,国脉文化
600641.SH,万业企业
600642.SH,申能股份
600643.SH,爱建集团
600644.SH,乐山电力
600645.SH,中源协和
600648.SH,外高桥
600649.SH,城投控股
600650.SH,锦江在线
600651.SH,飞乐音响
600653.SH,申华控股
600654.SH,中安科
600655.SH,豫园股份
600657.SH,信达地产
600658.SH,电子城
600660.SH,福耀玻璃
600661.SH,昂立教育
600662.SH,外服控股
600663.SH,陆家嘴
600664.SH,哈药股份
600665.SH,天地源
600666.SH,奥瑞德
600667.SH,太极实业
600668.SH,尖峰集团
600671.SH,天目药业
600673.SH,东阳光
600674.SH,川投能源
600675.SH,中华企业
600676.SH,交运股份
600678.SH,四川金顶
600679.SH,上海凤凰
600681.SH,百川能源
600682.SH,南京新百
600683.SH,京投发展
600684.SH,珠江股份
600685.SH,中船防务
600686.SH,金龙汽车
600688.SH,上海石化
600689.SH,上海三毛
600690.SH,海尔智家
600691.SH,阳煤化工
600692.SH,亚通股份
600693.SH,东百集团
600694.SH,大商股份
600696.SH,*ST岩石
600697.SH,欧亚集团
600698.SH,湖南天雁
600699.SH,均胜电子
600702.SH,舍得酒业
600703.SH,三安光电
600704.SH,物产中大
600706.SH,曲江文旅
600707.SH,彩虹股份
600708.SH,光明地产
600710.SH,苏美达
600711.SH,ST盛屯
600712.SH,南宁百货
600713.SH,南京医药
600714.SH,金瑞矿业
600715.SH,文投控股
600716.SH,凤凰股份
600717.SH,天津港
600718.SH,东软集团
600719.SH,大连热电
600720.SH,中交设计
600721.SH,百花医药
600722.SH,金牛化工
600724.SH,宁波富达
600725.SH,云维股份
600726.SH,华电能源
600727.SH,鲁北化工
600728.SH,佳都科技
600729.SH,重庆百货
600730.SH,中国高科
600731.SH,湖南海利
600732.SH,爱旭股份
600733.SH,北汽蓝谷
600734.SH,实达集团
600735.SH,新华锦
600736.SH,苏州高新
600737.SH,中粮糖业
600738.SH,丽尚国潮
600739.SH,辽宁成大
600740.SH,山西焦化
600741.SH,华域汽车
600742.SH,一汽富维
600743.SH,华远地产
600744.SH,华银电力
600745.SH,闻泰科技
600746.SH,江苏索普
600748.SH,上实发展
600749.SH,西藏旅游
600750.SH,江中药业
600751.SH,海航科技
600753.SH,*ST庚星
600754.SH,锦江酒店
600755.SH,厦门国贸
600756.SH,浪潮软件
600757.SH,长江传媒
600758.SH,辽宁能源
600759.SH,洲际油气
600760.SH,中航沈飞
600761.SH,安徽合力
600763.SH,通策医疗
600764.SH,中国海防
600765.SH,中航重机
600768.SH,宁波富邦
600769.SH,祥龙电业
600770.SH,综艺股份
600771.SH,广誉远
600773.SH,西藏城投
600774.SH,汉商集团
600775.SH,南京熊猫
600776.SH,东方通信
600777.SH,ST新潮
600778.SH,友好集团
600779.SH,水井坊
600780.SH,通宝能源
600782.SH,新钢股份
600783.SH,鲁信创投
600784.SH,鲁银投资
600785.SH,新华百货
600787.SH,中储股份
600789.SH,鲁抗医药
600790.SH,轻纺城
600791.SH,京能置业
600792.SH,云煤能源
600793.SH,宜宾纸业
600794.SH,保税科技
600795.SH,国电电力
600796.SH,钱江生化
600797.SH,浙大网新
600798.SH,宁波海运
600800.SH,渤海化学
600801.SH,华新水泥
600802.SH,福建水泥
600803.SH,新奥股份
600804.SH,*ST鹏博
600805.SH,悦达投资
600807.SH,济高发展
600808.SH,马钢股份
600809.SH,山西汾酒
600810.SH,神马股份
600812.SH,华北制药
600814.SH,杭州解百
600815.SH,厦工股份
600816.SH,建元信托
600817.SH,宇通重工
600818.SH,中路股份
600819.SH,耀皮玻璃
600820.SH,隧道股份
600821.SH,金开新能
600822.SH,上海物贸
600824.SH,益民集团
600825.SH,新华传媒
600826.SH,兰生股份
600827.SH,百联股份
600828.SH,茂业商业
600829.SH,人民同泰
600830.SH,XD香溢融
600831.SH,ST广网
600833.SH,第一医药
600834.SH,申通地铁
600835.SH,上海机电
600838.SH,上海九百
600839.SH,四川长虹
600841.SH,动力新科
600843.SH,上工申贝
600844.SH,丹化科技
600845.SH,宝信软件
600846.SH,同济科技
600847.SH,万里股份
600848.SH,上海临港
600850.SH,电科数字
600851.SH,海欣股份
600853.SH,龙建股份
600854.SH,春兰股份
600855.SH,航天长峰
600857.SH,宁波中百
600858.SH,银座股份
600859.SH,王府井
600860.SH,京城股份
600861.SH,北京人力
600862.SH,中航高科
600863.SH,内蒙华电
600864.SH,哈投股份
600865.SH,百大集团
600866.SH,星湖科技
600867.SH,通化东宝
600868.SH,梅雁吉祥
600869.SH,远东股份
600871.SH,石化油服
600872.SH,中炬高新
600873.SH,梅花生物
600874.SH,创业环保
600875.SH,东方电气
600876.SH,凯盛新能
600877.SH,电科芯片
600879.SH,航天电子
600880.SH,博瑞传播
600881.SH,亚泰集团
600882.SH,妙可蓝多
600883.SH,博闻科技
600884.SH,杉杉股份
600885.SH,宏发股份
600886.SH,国投电力
600887.SH,伊利股份
600888.SH,新疆众和
600889.SH,南京化纤
600892.SH,*ST大晟
600893.SH,航发动力
600894.SH,广日股份
600895.SH,张江高科
600897.SH,厦门空港
600900.SH,长江电力
600901.SH,江苏金租
600903.SH,贵州燃气
600905.SH,三峡能源
600906.SH,财达证券
600908.SH,无锡银行
600909.SH,华安证券
600916.SH,中国黄金
600917.SH,重庆燃气
600918.SH,中泰证券
600919.SH,江苏银行
600925.SH,苏能股份
600926.SH,杭州银行
600927.SH,永安期货
600928.SH,西安银行
600929.SH,雪天盐业
600933.SH,爱柯迪
600935.SH,华塑股份
600936.SH,广西广电
600938.SH,中国海油
600939.SH,重庆建工
600941.SH,中国移动
600955.SH,维远股份
600956.SH,新天绿能
600958.SH,东方证券
600959.SH,江苏有线
600960.SH,渤海汽车
600961.SH,株冶集团
600962.SH,国投中鲁
600963.SH,岳阳林纸
600965.SH,福成股份
600966.SH,博汇纸业
600967.SH,内蒙一机
600968.SH,海油发展
600969.SH,郴电国际
600970.SH,中材国际
600971.SH,恒源煤电
600973.SH,宝胜股份
600975.SH,新五丰
600976.SH,健民集团
600977.SH,中国电影
600979.SH,广安爱众
600980.SH,XD北矿科
600981.SH,汇鸿集团
600982.SH,宁波能源
600983.SH,惠而浦
600984.SH,建设机械
600985.SH,淮北矿业
600986.SH,浙文互联
600987.SH,航民股份
600988.SH,赤峰黄金
600989.SH,宝丰能源
600990.SH,四创电子
600992.SH,贵绳股份
600993.SH,马应龙
600995.SH,南网储能
600996.SH,贵广网络
600997.SH,开滦股份
600998.SH,九州通
600999.SH,招商证券
601000.SH,唐山港
601001.SH,晋控煤业
601002.SH,晋亿实业
601003.SH,柳钢股份
601005.SH,重庆钢铁
601006.SH,大秦铁路
601007.SH,金陵饭店
601008.SH,连云港
601009.SH,南京银行
601010.SH,文峰股份
601011.SH,宝泰隆
601012.SH,隆基绿能
601015.SH,陕西黑猫
601016.SH,节能风电
601018.SH,宁波港
601019.SH,山东出版
601020.SH,华钰矿业
601021.SH,春秋航空
601022.SH,宁波远洋
601033.SH,永兴股份
601038.SH,一拖股份
601058.SH,赛轮轮胎
601059.SH,信达证券
601061.SH,中信金属
601065.SH,江盐集团
601066.SH,中信建投
601068.SH,中铝国际
601069.SH,西部黄金
601077.SH,渝农商行
601083.SH,锦江航运
601086.SH,国芳集团
601088.SH,中国神华
601089.SH,福元医药
601096.SH,宏盛华源
601098.SH,中南传媒
601099.SH,太平洋
601100.SH,恒立液压
601101.SH,昊华能源
601106.SH,中国一重
601107.SH,四川成渝
601108.SH,财通证券
601111.SH,中国国航
601113.SH,华鼎股份
601116.SH,三江购物
601117.SH,中国化学
601118.SH,海南橡胶
601121.SH,宝地矿业
601126.SH,四方股份
601127.SH,赛力斯
601128.SH,常熟银行
601133.SH,柏诚股份
601136.SH,首创证券
601137.SH,博威合金
601138.SH,工业富联
601139.SH,深圳燃气
601155.SH,新城控股
601156.SH,东航物流
601158.SH,重庆水务
601162.SH,天风证券
601163.SH,三角轮胎
601166.SH,兴业银行
601168.SH,西部矿业
601169.SH,北京银行
601177.SH,杭齿前进
601179.SH,中国西电
601186.SH,中国铁建
601187.SH,厦门银行
601188.SH,龙江交通
601198.SH,东兴证券
601199.SH,江南水务
601200.SH,上海环境
601208.SH,东材科技
601211.SH,国泰海通
601212.SH,白银有色
601216.SH,君正集团
601218.SH,吉鑫科技
601222.SH,林洋能源
601225.SH,陕西煤业
601226.SH,华电科工
601228.SH,广州港
601229.SH,上海银行
601231.SH,环旭电子
601233.SH,桐昆股份
601236.SH,红塔证券
601238.SH,广汽集团
601279.SH,英利汽车
601288.SH,农业银行
601298.SH,青岛港
601311.SH,骆驼股份
601318.SH,中国平安
601319.SH,中国人保
601326.SH,秦港股份
601328.SH,交通银行
601330.SH,绿色动力
601333.SH,广深铁路
601336.SH,新华保险
601339.SH,百隆东方
601360.SH,三六零
601366.SH,利群股份
601368.SH,绿城水务
601369.SH,陕鼓动力
601375.SH,中原证券
601377.SH,兴业证券
601388.SH,怡球资源
601390.SH,中国中铁
601398.SH,工商银行
601399.SH,国机重装
601456.SH,国联民生
601500.SH,通用股份
601512.SH,中新集团
601515.SH,东峰集团
601518.SH,吉林高速
601519.SH,大智慧
601528.SH,瑞丰银行
601555.SH,东吴证券
601566.SH,九牧王
601567.SH,三星医疗
601568.SH,北元集团
601577.SH,长沙银行
601579.SH,会稽山
601588.SH,北辰实业
601595.SH,上海电影
601598.SH,中国外运
601599.SH,浙文影业
601600.SH,中国铝业
601601.SH,中国太保
601606.SH,长城军工
601607.SH,上海医药
601608.SH,中信重工
601609.SH,金田股份
601611.SH,中国核建
601615.SH,明阳智能
601616.SH,广电电气
601618.SH,中国中冶
601619.SH,XD嘉泽新
601628.SH,中国人寿
601633.SH,长城汽车
601636.SH,旗滨集团
601658.SH,邮储银行
601665.SH,齐鲁银行
601666.SH,平煤股份
601668.SH,中国建筑
601669.SH,中国电建
601677.SH,明泰铝业
601678.SH,滨化股份
601686.SH,友发集团
601688.SH,华泰证券
601689.SH,拓普集团
601696.SH,中银证券
601698.SH,中国卫通
601699.SH,潞安环能
601700.SH,风范股份
601702.SH,华峰铝业
601717.SH,郑煤机
601718.SH,际华集团
601727.SH,上海电气
601728.SH,中国电信
601766.SH,中国中车
601777.SH,千里科技
601778.SH,晶科科技
601788.SH,光大证券
601789.SH,宁波建工
601798.SH,蓝科高新
601799.SH,星宇股份
601800.SH,中国交建
601801.SH,皖新传媒
601808.SH,中海油服
601811.SH,新华文轩
601816.SH,京沪高铁
601818.SH,光大银行
601825.SH,沪农商行
601827.SH,三峰环境
601828.SH,美凯龙
601838.SH,成都银行
601857.SH,中国石油
601858.SH,中国科传
601860.SH,紫金银行
601865.SH,福莱特
601866.SH,中远海发
601868.SH,中国能建
601869.SH,长飞光纤
601872.SH,招商轮船
601877.SH,正泰电器
601878.SH,浙商证券
601880.SH,辽港股份
601881.SH,中国银河
601882.SH,海天精工
601886.SH,江河集团
601888.SH,中国中免
601890.SH,亚星锚链
601898.SH,中煤能源
601899.SH,紫金矿业
601900.SH,南方传媒
601901.SH,方正证券
601908.SH,京运通
601916.SH,浙商银行
601918.SH,新集能源
601919.SH,中远海控
601921.SH,浙版传媒
601928.SH,凤凰传媒
601929.SH,吉视传媒
601933.SH,永辉超市
601939.SH,建设银行
601949.SH,中国出版
601952.SH,苏垦农发
601956.SH,东贝集团
601958.SH,金钼股份
601963.SH,重庆银行
601965.SH,中国汽研
601966.SH,玲珑轮胎
601968.SH,宝钢包装
601969.SH,海南矿业
601975.SH,招商南油
601985.SH,中国核电
601988.SH,中国银行
601989.SH,中国重工
601990.SH,南京证券
601991.SH,大唐发电
601992.SH,金隅集团
601995.SH,中金公司
601996.SH,丰林集团
601997.SH,贵阳银行
601998.SH,中信银行
601999.SH,出版传媒
603000.SH,人民网
603001.SH,奥康国际
603002.SH,宏昌电子
603003.SH,*ST龙宇
603004.SH,鼎龙科技
603005.SH,晶方科技
603006.SH,联明股份
603007.SH,*ST花王
603008.SH,喜临门
603009.SH,北特科技
603010.SH,万盛股份
603011.SH,合锻智能
603012.SH,创力集团
603013.SH,亚普股份
603014.SH,威高血净
603015.SH,弘讯科技
603016.SH,新宏泰
603017.SH,中衡设计
603018.SH,华设集团
603019.SH,中科曙光
603020.SH,爱普股份
603021.SH,ST华鹏
603022.SH,新通联
603023.SH,*ST威帝
603025.SH,大豪科技
603026.SH,石大胜华
603027.SH,千禾味业
603028.SH,赛福天
603029.SH,天鹅股份
603030.SH,全筑股份
603031.SH,安孚科技
603032.SH,德新科技
603033.SH,三维股份
603035.SH,常熟汽饰
603036.SH,如通股份
603037.SH,凯众股份
603038.SH,华立股份
603039.SH,泛微网络
603040.SH,新坐标
603041.SH,美思德
603042.SH,华脉科技
603043.SH,广州酒家
603045.SH,福达合金
603048.SH,浙江黎明
603050.SH,科林电气
603051.SH,鹿山新材
603052.SH,可川科技
603053.SH,成都燃气
603055.SH,台华新材
603056.SH,德邦股份
603057.SH,紫燕食品
603058.SH,永吉股份
603059.SH,倍加洁
603060.SH,国检集团
603061.SH,金海通
603062.SH,麦加芯彩
603063.SH,禾望电气
603065.SH,宿迁联盛
603066.SH,音飞储存
603067.SH,振华股份
603068.SH,博通集成
603069.SH,海汽集团
603070.SH,万控智造
603071.SH,物产环能
603072.SH,天和磁材
603073.SH,彩蝶实业
603075.SH,热威股份
603076.SH,XD乐惠国
603077.SH,和邦生物
603078.SH,江化微
603079.SH,圣达生物
603080.SH,XD新疆火
603081.SH,大丰实业
603082.SH,北自科技
603083.SH,剑桥科技
603085.SH,天成自控
603086.SH,先达股份
603087.SH,甘李药业
603088.SH,宁波精达
603089.SH,正裕工业
603090.SH,宏盛股份
603091.SH,众鑫股份
603093.SH,南华期货
603095.SH,越剑智能
603096.SH,新经典
603097.SH,江苏华辰
603098.SH,森特股份
603099.SH,长白山
603100.SH,川仪股份
603101.SH,汇嘉时代
603102.SH,百合股份
603103.SH,横店影视
603105.SH,芯能科技
603106.SH,恒银科技
603107.SH,上海汽配
603108.SH,润达医疗
603109.SH,神驰机电
603110.SH,东方材料
603111.SH,康尼机电
603112.SH,华翔股份
603113.SH,金能科技
603115.SH,海星股份
603116.SH,红蜻蜓
603117.SH,万林物流
603118.SH,共进股份
603119.SH,浙江荣泰
603120.SH,肯特催化
603121.SH,华培动力
603122.SH,合富中国
603123.SH,翠微股份
603124.SH,江南新材
603125.SH,常青科技
603126.SH,中材节能
603127.SH,昭衍新药
603128.SH,华贸物流
603129.SH,春风动力
603130.SH,云中马
603131.SH,上海沪工
603132.SH,金徽股份
603135.SH,中重科技
603136.SH,天目湖
603137.SH,恒尚节能
603138.SH,海量数据
603139.SH,康惠制药
603150.SH,万朗磁塑
603151.SH,邦基科技
603153.SH,上海建科
603155.SH,新亚强
603156.SH,养元饮品
603158.SH,腾龙股份
603159.SH,上海亚虹
603160.SH,汇顶科技
603161.SH,科华控股
603162.SH,海通发展
603163.SH,圣晖集成
603165.SH,荣晟环保
603166.SH,福达股份
603167.SH,渤海轮渡
603168.SH,莎普爱思
603169.SH,兰石重装
603170.SH,宝立食品
603171.SH,XD税友股
603172.SH,万丰股份
603173.SH,福斯达
603176.SH,汇通集团
603177.SH,德创环保
603178.SH,圣龙股份
603179.SH,新泉股份
603180.SH,金牌家居
603181.SH,皇马科技
603182.SH,嘉华股份
603183.SH,建研院
603185.SH,弘元绿能
603186.SH,华正新材
603187.SH,海容冷链
603188.SH,亚邦股份
603189.SH,网达软件
603190.SH,亚通精工
603191.SH,望变电气
603192.SH,汇得科技
603193.SH,润本股份
603194.SH,中力股份
603195.SH,公牛集团
603196.SH,日播时尚
603197.SH,保隆科技
603198.SH,迎驾贡酒
603199.SH,九华旅游
603200.SH,上海洗霸
603201.SH,常润股份
603202.SH,天有为
603203.SH,快克智能
603205.SH,健尔康
603206.SH,嘉环科技
603207.SH,小方制药
603208.SH,江山欧派
603209.SH,兴通股份
603210.SH,泰鸿万立
603211.SH,晋拓股份
603212.SH,赛伍技术
603213.SH,镇洋发展
603214.SH,爱婴室
603215.SH,比依股份
603216.SH,梦天家居
603217.SH,元利科技
603218.SH,日月股份
603219.SH,富佳股份
603220.SH,中贝通信
603221.SH,爱丽家居
603222.SH,济民健康
603223.SH,恒通股份
603225.SH,新凤鸣
603226.SH,菲林格尔
603227.SH,雪峰科技
603228.SH,景旺电子
603229.SH,奥翔药业
603230.SH,内蒙新华
603231.SH,索宝蛋白
603232.SH,格尔软件
603233.SH,大参林
603235.SH,天新药业
603236.SH,移远通信
603237.SH,五芳斋
603238.SH,诺邦股份
603239.SH,浙江仙通
603255.SH,鼎际得
603256.SH,宏和科技
603257.SH,中国瑞林
603258.SH,电魂网络
603259.SH,药明康德
603260.SH,合盛硅业
603261.SH,*ST立航
603266.SH,天龙股份
603267.SH,鸿远电子
603268.SH,*ST松发
603269.SH,海鸥股份
603270.SH,金帝股份
603271.SH,永杰新材
603272.SH,联翔股份
603273.SH,天元智能
603275.SH,众辰科技
603276.SH,恒兴新材
603277.SH,银都股份
603278.SH,大业股份
603279.SH,景津装备
603280.SH,南方路机
603281.SH,江瀚新材
603282.SH,亚光股份
603283.SH,赛腾股份
603285.SH,键邦股份
603286.SH,日盈电子
603288.SH,海天味业
603289.SH,泰瑞机器
603290.SH,斯达半导
603291.SH,联合水务
603296.SH,华勤技术
603297.SH,永新光学
603298.SH,杭叉集团
603299.SH,苏盐井神
603300.SH,海南华铁
603301.SH,振德医疗
603303.SH,得邦照明
603305.SH,旭升集团
603306.SH,华懋科技
603307.SH,扬州金泉
603308.SH,应流股份
603309.SH,XD维力医
603310.SH,巍华新材
603311.SH,金海高科
603312.SH,西典新能
603313.SH,梦百合
603315.SH,福鞍股份
603316.SH,诚邦股份
603317.SH,天味食品
603318.SH,水发燃气
603319.SH,美湖股份
603320.SH,迪贝电气
603321.SH,梅轮电梯
603322.SH,超讯通信
603323.SH,苏农银行
603324.SH,盛剑科技
603325.SH,博隆技术
603326.SH,我乐家居
603327.SH,福蓉科技
603328.SH,依顿电子
603329.SH,上海雅仕
603330.SH,天洋新材
603331.SH,百达精工
603332.SH,苏州龙杰
603333.SH,尚纬股份
603335.SH,迪生力
603336.SH,宏辉果蔬
603337.SH,杰克股份
603338.SH,浙江鼎力
603339.SH,四方科技
603341.SH,龙旗科技
603344.SH,星德胜
603345.SH,安井食品
603348.SH,文灿股份
603350.SH,安乃达
603351.SH,威尔药业
603353.SH,和顺石油
603355.SH,莱克电气
603356.SH,华菱精工
603357.SH,设计总院
603358.SH,华达科技
603359.SH,东珠生态
603360.SH,DR百傲化
603363.SH,傲农生物
603365.SH,水星家纺
603366.SH,日出东方
603367.SH,辰欣药业
603368.SH,XD柳药集
603369.SH,今世缘
603373.SH,安邦护卫
603375.SH,盛景微
603377.SH,ST东时
603378.SH,亚士创能
603379.SH,三美股份
603380.SH,易德龙
603381.SH,永臻股份
603383.SH,顶点软件
603385.SH,惠达卫浴
603386.SH,骏亚科技
603387.SH,基蛋生物
603388.SH,*ST元成
603389.SH,*ST亚振
603390.SH,通达电气
603391.SH,力聚热能
603392.SH,万泰生物
603393.SH,新天然气
603395.SH,红四方
603396.SH,金辰股份
603398.SH,*ST沐邦
603399.SH,永杉锂业
603408.SH,建霖家居
603409.SH,汇通控股
603416.SH,信捷电气
603421.SH,鼎信通讯
603429.SH,集友股份
603439.SH,贵州三力
603444.SH,吉比特
603456.SH,九洲药业
603458.SH,勘设股份
603466.SH,风语筑
603477.SH,巨星农牧
603486.SH,科沃斯
603488.SH,展鹏科技
603489.SH,八方股份
603496.SH,恒为科技
603499.SH,翔港科技
603500.SH,祥和实业
603501.SH,韦尔股份
603505.SH,金石资源
603506.SH,南都物业
603507.SH,振江股份
603508.SH,思维列控
603511.SH,爱慕股份
603515.SH,欧普照明
603516.SH,淳中科技
603517.SH,绝味食品
603518.SH,锦泓集团
603519.SH,立霸股份
603520.SH,司太立
603527.SH,众源新材
603528.SH,多伦科技
603529.SH,爱玛科技
603530.SH,神马电力
603533.SH,掌阅科技
603535.SH,嘉诚国际
603536.SH,惠发食品
603538.SH,美诺华
603551.SH,奥普科技
603556.SH,海兴电力
603557.SH,ST起步
603558.SH,健盛集团
603559.SH,*ST通脉
603565.SH,中谷物流
603566.SH,普莱柯
603567.SH,珍宝岛
603568.SH,伟明环保
603569.SH,长久物流
603577.SH,汇金通
603578.SH,三星新材
603579.SH,荣泰健康
603580.SH,*ST艾艾
603583.SH,捷昌驱动
603585.SH,苏利股份
603586.SH,金麒麟
603587.SH,地素时尚
603588.SH,高能环境
603589.SH,口子窖
603590.SH,康辰药业
603595.SH,东尼电子
603596.SH,伯特利
603598.SH,引力传媒
603599.SH,广信股份
603600.SH,永艺股份
603601.SH,再升科技
603602.SH,纵横通信
603605.SH,珀莱雅
603606.SH,XD东方电
603607.SH,京华激光
603608.SH,天创时尚
603609.SH,禾丰股份
603610.SH,麒盛科技
603611.SH,诺力股份
603612.SH,索通发展
603613.SH,国联股份
603615.SH,茶花股份
603616.SH,韩建河山
603617.SH,君禾股份
603618.SH,杭电股份
603619.SH,中曼石油
603626.SH,科森科技
603628.SH,清源股份
603629.SH,利通电子
603630.SH,拉芳家化
603633.SH,徕木股份
603636.SH,南威软件
603637.SH,镇海股份
603638.SH,艾迪精密
603639.SH,海利尔
603648.SH,畅联股份
603650.SH,彤程新材
603655.SH,朗博科技
603656.SH,泰禾智能
603657.SH,春光科技
603658.SH,安图生物
603659.SH,璞泰来
603660.SH,苏州科达
603661.SH,恒林股份
603662.SH,柯力传感
603663.SH,三祥新材
603665.SH,康隆达
603666.SH,亿嘉和
603667.SH,五洲新春
603668.SH,天马科技
603669.SH,灵康药业
603676.SH,卫信康
603677.SH,奇精机械
603678.SH,XD火炬电
603679.SH,华体科技
603680.SH,今创集团
603681.SH,永冠新材
603682.SH,锦和商管
603683.SH,晶华新材
603685.SH,晨丰科技
603686.SH,福龙马
603687.SH,大胜达
603688.SH,石英股份
603689.SH,皖天然气
603690.SH,至纯科技
603693.SH,江苏新能
603696.SH,安记食品
603697.SH,有友食品
603698.SH,XD航天工
603699.SH,纽威股份
603700.SH,宁水集团
603701.SH,德宏股份
603703.SH,盛洋科技
603706.SH,东方环宇
603707.SH,健友股份
603708.SH,家家悦
603709.SH,中源家居
603711.SH,香飘飘
603712.SH,七一二
603713.SH,密尔克卫
603716.SH,塞力医疗
603717.SH,天域生物
603718.SH,海利生物
603719.SH,良品铺子
603721.SH,*ST天择
603722.SH,阿科力
603725.SH,天安新材
603726.SH,朗迪集团
603727.SH,博迈科
603728.SH,鸣志电器
603729.SH,龙韵股份
603730.SH,岱美股份
603733.SH,仙鹤股份
603737.SH,三棵树
603738.SH,泰晶科技
603739.SH,蔚蓝生物
603755.SH,日辰股份
603757.SH,大元泵业
603758.SH,秦安股份
603759.SH,海天股份
603766.SH,隆鑫通用
603767.SH,中马传动
603768.SH,常青股份
603773.SH,沃格光电
603776.SH,永安行
603777.SH,来伊份
603778.SH,国晟科技
603779.SH,威龙股份
603786.SH,科博达
603787.SH,新日股份
603788.SH,宁波高发
603789.SH,*ST星农
603790.SH,雅运股份
603797.SH,联泰环保
603798.SH,康普顿
603799.SH,华友钴业
603800.SH,洪田股份
603801.SH,志邦家居
603803.SH,瑞斯康达
603806.SH,福斯特
603808.SH,歌力思
603809.SH,豪能股份
603810.SH,丰山集团
603811.SH,诚意药业
603813.SH,*ST原尚
603815.SH,交建股份
603816.SH,顾家家居
603817.SH,海峡环保
603818.SH,曲美家居
603819.SH,神力股份
603822.SH,嘉澳环保
603823.SH,百合花
603825.SH,华扬联众
603826.SH,坤彩科技
603828.SH,ST柯利达
603829.SH,洛凯股份
603833.SH,欧派家居
603836.SH,海程邦达
603838.SH,*ST四通
603839.SH,安正时尚
603843.SH,*ST正平
603848.SH,好太太
603855.SH,华荣股份
603856.SH,东宏股份
603858.SH,步长制药
603859.SH,能科科技
603860.SH,中公高科
603861.SH,白云电器
603863.SH,松炀资源
603866.SH,桃李面包
603867.SH,新化股份
603868.SH,飞科电器
603869.SH,ST智知
603871.SH,嘉友国际
603876.SH,鼎胜新材
603877.SH,太平鸟
603878.SH,武进不锈
603879.SH,永悦科技
603880.SH,南卫股份
603881.SH,数据港
603882.SH,金域医学
603883.SH,老百姓
603885.SH,吉祥航空
603886.SH,元祖股份
603887.SH,城地香江
603888.SH,新华网
603889.SH,新澳股份
603890.SH,春秋电子
603893.SH,瑞芯微
603895.SH,天永智能
603896.SH,寿仙谷
603897.SH,长城科技
603898.SH,好莱客
603899.SH,晨光股份
603900.SH,莱绅通灵
603901.SH,永创智能
603903.SH,中持股份
603906.SH,龙蟠科技
603908.SH,牧高笛
603909.SH,XD建发合
603912.SH,佳力图
603915.SH,国茂股份
603916.SH,苏博特
603917.SH,合力科技
603918.SH,金桥信息
603919.SH,金徽酒
603920.SH,世运电路
603922.SH,金鸿顺
603926.SH,XD铁流股
603927.SH,中科软
603928.SH,兴业股份
603929.SH,亚翔集成
603931.SH,格林达
603933.SH,睿能科技
603936.SH,博敏电子
603937.SH,丽岛新材
603938.SH,三孚股份
603939.SH,益丰药房
603948.SH,建业股份
603949.SH,雪龙集团
603950.SH,长源东谷
603955.SH,大千生态
603956.SH,威派格
603958.SH,哈森股份
603959.SH,ST百利
603960.SH,克来机电
603966.SH,法兰泰克
603967.SH,中创物流
603968.SH,醋化股份
603969.SH,银龙股份
603970.SH,中农立华
603976.SH,正川股份
603977.SH,国泰集团
603978.SH,深圳新星
603979.SH,金诚信
603980.SH,吉华集团
603982.SH,泉峰汽车
603983.SH,丸美生物
603985.SH,恒润股份
603986.SH,兆易创新
603987.SH,康德莱
603988.SH,中电电机
603989.SH,艾华集团
603990.SH,麦迪科技
603991.SH,至正股份
603992.SH,松霖科技
603993.SH,洛阳钼业
603995.SH,甬金股份
603997.SH,继峰股份
603998.SH,方盛制药
603999.SH,读者传媒
605001.SH,威奥股份
605003.SH,众望布艺
605005.SH,合兴股份
605006.SH,山东玻纤
605007.SH,XD五洲特
605008.SH,长鸿高科
605009.SH,豪悦护理
605011.SH,杭州热电
605016.SH,百龙创园
605018.SH,长华集团
605020.SH,永和股份
605028.SH,世茂能源
605033.SH,美邦股份
605050.SH,福然德
605055.SH,迎丰股份
605056.SH,咸亨国际
605058.SH,澳弘电子
605060.SH,联德股份
605066.SH,天正电气
605068.SH,明新旭腾
605069.SH,正和生态
605077.SH,华康股份
605080.SH,浙江自然
605081.SH,*ST太和
605086.SH,龙高股份
605088.SH,冠盛股份
605089.SH,味知香
605090.SH,九丰能源
605098.SH,行动教育
605099.SH,共创草坪
605100.SH,华丰股份
605108.SH,同庆楼
605111.SH,新洁能
605116.SH,奥锐特
605117.SH,德业股份
605118.SH,力鼎光电
605122.SH,四方新材
605123.SH,派克新材
605128.SH,上海沿浦
605133.SH,嵘泰股份
605136.SH,丽人丽妆
605138.SH,盛泰集团
605151.SH,西上海
605155.SH,西大门
605158.SH,华达新材
605162.SH,新中港
605166.SH,聚合顺
605167.SH,利柏特
605168.SH,三人行
605169.SH,洪通燃气
605177.SH,东亚药业
605178.SH,时空科技
605179.SH,一鸣食品
605180.SH,华生科技
605183.SH,确成股份
605186.SH,健麾信息
605188.SH,国光连锁
605189.SH,富春染织
605196.SH,华通线缆
605198.SH,安德利
605199.SH,ST葫芦娃
605208.SH,永茂泰
605218.SH,伟时电子
605222.SH,起帆电缆
605228.SH,神通科技
605255.SH,天普股份
605258.SH,协和电子
605259.SH,绿田机械
605266.SH,健之佳
605268.SH,王力安防
605277.SH,新亚电子
605286.SH,同力日升
605287.SH,德才股份
605288.SH,凯迪股份
605289.SH,罗曼股份
605296.SH,神农集团
605298.SH,必得科技
605299.SH,舒华体育
605300.SH,佳禾食品
605303.SH,园林股份
605305.SH,XD中际联
605318.SH,法狮龙
605319.SH,无锡振华
605333.SH,沪光股份
605336.SH,帅丰电器
605337.SH,李子园
605338.SH,巴比食品
605339.SH,南侨食品
605358.SH,立昂微
605365.SH,立达信
605366.SH,宏柏新材
605368.SH,蓝天燃气
605369.SH,拱东医疗
605376.SH,博迁新材
605377.SH,华旺科技
605378.SH,野马电池
605388.SH,均瑶健康
605389.SH,长龄液压
605398.SH,新炬网络
605399.SH,晨光新材
605488.SH,福莱新材
605499.SH,东鹏饮料
605500.SH,森林包装
605507.SH,国邦医药
605555.SH,德昌股份
605566.SH,福莱蒽特
605567.SH,春雪食品
605577.SH,龙版传媒
605580.SH,恒盛能源
605588.SH,冠石科技
605589.SH,圣泉集团
605598.SH,上海港湾
605599.SH,菜百股份
688001.SH,华兴源创
688002.SH,睿创微纳
688003.SH,天准科技
688004.SH,博汇科技
688005.SH,容百科技
688006.SH,杭可科技
688007.SH,光峰科技
688008.SH,澜起科技
688009.SH,中国通号
688010.SH,福光股份
688011.SH,新光光电
688012.SH,中微公司
688013.SH,天臣医疗
688015.SH,交控科技
688016.SH,心脉医疗
688017.SH,绿的谐波
688018.SH,乐鑫科技
688019.SH,安集科技
688020.SH,方邦股份
688021.SH,奥福科技
688022.SH,瀚川智能
688023.SH,安恒信息
688025.SH,杰普特
688026.SH,洁特生物
688027.SH,国盾量子
688028.SH,沃尔德
688029.SH,南微医学
688030.SH,山石网科
688031.SH,星环科技-U
688032.SH,禾迈股份
688033.SH,天宜上佳
688035.SH,XD德邦科
688036.SH,传音控股
688037.SH,芯源微
688038.SH,中科通达
688039.SH,当虹科技
688041.SH,海光信息
688045.SH,必易微
688046.SH,药康生物
688047.SH,龙芯中科
688048.SH,长光华芯
688049.SH,炬芯科技
688050.SH,爱博医疗
688051.SH,佳华科技
688052.SH,纳芯微
688053.SH,思科瑞
688055.SH,龙腾光电
688056.SH,莱伯泰科
688057.SH,金达莱
688058.SH,宝兰德
688059.SH,华锐精密
688060.SH,云涌科技
688061.SH,灿瑞科技
688062.SH,迈威生物-U
688063.SH,派能科技
688065.SH,凯赛生物
688066.SH,航天宏图
688067.SH,爱威科技
688068.SH,热景生物
688069.SH,德林海
688070.SH,纵横股份
688071.SH,华依科技
688072.SH,拓荆科技
688073.SH,毕得医药
688075.SH,安旭生物
688076.SH,诺泰生物
688077.SH,大地熊
688078.SH,龙软科技
688079.SH,美迪凯
688080.SH,映翰通
688081.SH,兴图新科
688082.SH,盛美上海
688083.SH,中望软件
688084.SH,晶品特装
688085.SH,三友医疗
688087.SH,英科再生
688088.SH,虹软科技
688089.SH,嘉必优
688090.SH,瑞松科技
688091.SH,上海谊众
688092.SH,爱科科技
688093.SH,世华科技
688095.SH,福昕软件
688096.SH,京源环保
688097.SH,博众精工
688098.SH,申联生物
688099.SH,晶晨股份
688100.SH,威胜信息
688101.SH,三达膜
688102.SH,斯瑞新材
688103.SH,国力股份
688105.SH,诺唯赞
688106.SH,金宏气体
688107.SH,安路科技
688108.SH,赛诺医疗
688109.SH,品茗科技
688110.SH,东芯股份
688111.SH,金山办公
688112.SH,鼎阳科技
688113.SH,联测科技
688114.SH,华大智造
688115.SH,思林杰
688116.SH,天奈科技
688117.SH,圣诺生物
688118.SH,普元信息
688119.SH,中钢洛耐
688120.SH,华海清科
688121.SH,卓然股份
688122.SH,西部超导
688123.SH,聚辰股份
688125.SH,安达智能
688126.SH,沪硅产业
688127.SH,蓝特光学
688128.SH,中国电研
688129.SH,东来技术
688130.SH,晶华微
688131.SH,皓元医药
688132.SH,邦彦技术
688133.SH,泰坦科技
688135.SH,利扬芯片
688136.SH,科兴制药
688137.SH,近岸蛋白
688138.SH,清溢光电
688139.SH,海尔生物
688141.SH,杰华特
688143.SH,长盈通
688146.SH,中船特气
688147.SH,微导纳米
688148.SH,芳源股份
688150.SH,莱特光电
688151.SH,XD华强科
688152.SH,麒麟信安
688153.SH,唯捷创芯
688155.SH,先惠技术
688156.SH,路德环境
688157.SH,松井股份
688158.SH,优刻得-W
688159.SH,有方科技
688160.SH,步科股份
688161.SH,威高骨科
688162.SH,巨一科技
688163.SH,赛伦生物
688165.SH,埃夫特-U
688166.SH,博瑞医药
688167.SH,炬光科技
688168.SH,安博通
688169.SH,石头科技
688170.SH,德龙激光
688171.SH,纬德信息
688172.SH,燕东微
688173.SH,希荻微
688175.SH,高凌信息
688176.SH,亚虹医药-U
688177.SH,百奥泰
688178.SH,万德斯
688179.SH,阿拉丁
688180.SH,君实生物-U
688181.SH,八亿时空
688182.SH,灿勤科技
688183.SH,生益电子
688184.SH,ST帕瓦
688185.SH,康希诺
688186.SH,广大特材
688187.SH,时代电气
688188.SH,柏楚电子
688189.SH,南新制药
688190.SH,云路股份
688191.SH,智洋创新
688192.SH,迪哲医药-U
688193.SH,仁度生物
688195.SH,腾景科技
688196.SH,卓越新能
688197.SH,首药控股-U
688198.SH,XD佰仁医
688199.SH,久日新材
688200.SH,华峰测控
688201.SH,信安世纪
688202.SH,美迪西
688203.SH,海正生材
688205.SH,DR德科立
688206.SH,概伦电子
688207.SH,格灵深瞳
688208.SH,道通科技
688209.SH,英集芯
688210.SH,统联精密
688211.SH,中科微至
688212.SH,澳华内镜
688213.SH,思特威-W
688215.SH,瑞晟智能
688216.SH,气派科技
688217.SH,睿昂基因
688218.SH,江苏北人
688219.SH,会通股份
688220.SH,翱捷科技-U
688221.SH,前沿生物-U
688222.SH,成都先导
688223.SH,晶科能源
688225.SH,亚信安全
688226.SH,威腾电气
688227.SH,品高股份
688228.SH,开普云
688229.SH,博睿数据
688230.SH,芯导科技
688231.SH,隆达股份
688232.SH,新点软件
688233.SH,神工股份
688234.SH,天岳先进
688235.SH,百济神州-U
688236.SH,春立医疗
688237.SH,超卓航科
688238.SH,和元生物
688239.SH,航宇科技
688244.SH,永信至诚
688246.SH,嘉和美康
688247.SH,宣泰医药
688248.SH,南网科技
688249.SH,晶合集成
688251.SH,井松智能
688252.SH,天德钰
688253.SH,英诺特
688255.SH,凯尔达
688256.SH,寒武纪-U
688257.SH,新锐股份
688258.SH,卓易信息
688259.SH,创耀科技
688260.SH,昀冢科技
688261.SH,东微半导
688262.SH,国芯科技
688265.SH,南模生物
688266.SH,泽璟制药-U
688267.SH,中触媒
688268.SH,华特气体
688269.SH,凯立新材
688270.SH,臻镭科技
688271.SH,联影医疗
688272.SH,富吉瑞
688273.SH,麦澜德
688275.SH,万润新能
688276.SH,百克生物
688277.SH,天智航-U
688278.SH,特宝生物
688279.SH,峰岹科技
688280.SH,精进电动-UW
688281.SH,华秦科技
688282.SH,理工导航
688283.SH,坤恒顺维
688285.SH,高铁电气
688286.SH,敏芯股份
688287.SH,*ST观典
688288.SH,鸿泉物联
688289.SH,圣湘生物
688290.SH,景业智能
688291.SH,金橙子
688292.SH,浩瀚深度
688293.SH,奥浦迈
688295.SH,中复神鹰
688296.SH,和达科技
688297.SH,中无人机
688298.SH,东方生物
688299.SH,长阳科技
688300.SH,DR联瑞新
688301.SH,奕瑞科技
688302.SH,海创药业-U
688303.SH,大全能源
688305.SH,科德数控
688306.SH,均普智能
688307.SH,中润光学
688308.SH,欧科亿
688309.SH,恒誉环保
688310.SH,迈得医疗
688311.SH,盟升电子
688312.SH,燕麦科技
688313.SH,仕佳光子
688314.SH,康拓医疗
688315.SH,诺禾致源
688316.SH,青云科技-U
688317.SH,之江生物
688318.SH,财富趋势
688319.SH,欧林生物
688320.SH,禾川科技
688321.SH,微芯生物
688322.SH,奥比中光-UW
688323.SH,瑞华泰
688325.SH,赛微微电
688326.SH,经纬恒润-W
688327.SH,云从科技-UW
688328.SH,深科达
688329.SH,艾隆科技
688330.SH,宏力达
688331.SH,荣昌生物
688332.SH,中科蓝讯
688333.SH,铂力特
688334.SH,西高院
688335.SH,XD复洁环
688336.SH,三生国健
688337.SH,普源精电
688338.SH,赛科希德
688339.SH,亿华通-U
688343.SH,云天励飞-U
688345.SH,博力威
688347.SH,华虹公司
688348.SH,昱能科技
688349.SH,三一重能
688350.SH,富淼科技
688351.SH,微电生理
688352.SH,颀中科技
688353.SH,华盛锂电
688355.SH,明志科技
688356.SH,键凯科技
688357.SH,建龙微纳
688358.SH,祥生医疗
688359.SH,三孚新科
688360.SH,德马科技
688361.SH,中科飞测
688362.SH,甬矽电子
688363.SH,华熙生物
688365.SH,光云科技
688366.SH,昊海生科
688367.SH,工大高科
688368.SH,晶丰明源
688369.SH,致远互联
688370.SH,丛麟科技
688371.SH,菲沃泰
688372.SH,伟测科技
688373.SH,盟科药业-U
688375.SH,国博电子
688376.SH,美埃科技
688377.SH,迪威尔
688378.SH,奥来德
688379.SH,华光新材
688380.SH,中微半导
688381.SH,帝奥微
688382.SH,益方生物-U
688383.SH,新益昌
688385.SH,复旦微电
688386.SH,泛亚微透
688387.SH,信科移动-U
688388.SH,嘉元科技
688389.SH,普门科技
688390.SH,固德威
688391.SH,钜泉科技
688392.SH,骄成超声
688393.SH,XD安必平
688395.SH,正弦电气
688396.SH,华润微
688398.SH,赛特新材
688399.SH,硕世生物
688400.SH,凌云光
688401.SH,路维光电
688403.SH,汇成股份
688408.SH,中信博
688409.SH,富创精密
688410.SH,山外山
688411.SH,海博思创
688416.SH,恒烁股份
688418.SH,震有科技
688419.SH,耐科装备
688420.SH,美腾科技
688425.SH,铁建重工
688426.SH,康为世纪
688428.SH,诺诚健华-U
688429.SH,时创能源
688432.SH,有研硅
688433.SH,华曙高科
688435.SH,英方软件
688439.SH,振华风光
688443.SH,智翔金泰-U
688448.SH,磁谷科技
688449.SH,联芸科技
688450.SH,光格科技
688455.SH,科捷智能
688456.SH,有研粉材
688458.SH,美芯晟
688459.SH,哈铁科技
688466.SH,金科环境
688468.SH,科美诊断
688469.SH,芯联集成-U
688472.SH,阿特斯
688475.SH,萤石网络
688478.SH,晶升股份
688479.SH,XD友车科
688480.SH,赛恩斯
688484.SH,南芯科技
688485.SH,九州一轨
688486.SH,龙迅股份
688488.SH,艾迪药业
688489.SH,三未信安
688496.SH,清越科技
688498.SH,源杰科技
688499.SH,利元亨
688500.SH,慧辰股份
688501.SH,青达环保
688502.SH,茂莱光学
688503.SH,聚和材料
688505.SH,复旦张江
688506.SH,百利天恒
688507.SH,索辰科技
688508.SH,XD芯朋微
688509.SH,正元地信
688510.SH,航亚科技
688511.SH,*ST天微
688512.SH,慧智微-U
688513.SH,苑东生物
688515.SH,裕太微-U
688516.SH,奥特维
688517.SH,金冠电气
688518.SH,联赢激光
688519.SH,南亚新材
688520.SH,神州细胞
688521.SH,芯原股份
688522.SH,纳睿雷达
688523.SH,航天环宇
688525.SH,佰维存储
688526.SH,科前生物
688528.SH,秦川物联
688529.SH,豪森智能
688530.SH,欧莱新材
688531.SH,日联科技
688533.SH,上声电子
688535.SH,华海诚科
688536.SH,思瑞浦
688538.SH,和辉光电-U
688539.SH,高华科技
688543.SH,DR国科军
688545.SH,兴福电子
688548.SH,广钢气体
688549.SH,中巨芯-U
688550.SH,瑞联新材
688551.SH,科威尔
688552.SH,航天南湖
688553.SH,汇宇制药-W
688556.SH,高测股份
688557.SH,兰剑智能
688558.SH,XD国盛智
688559.SH,海目星
688560.SH,明冠新材
688561.SH,奇安信-U
688562.SH,航天软件
688563.SH,航材股份
688565.SH,力源科技
688566.SH,吉贝尔
688567.SH,孚能科技
688568.SH,中科星图
688569.SH,铁科轨道
688570.SH,天玛智控
688571.SH,杭华股份
688573.SH,信宇人
688575.SH,亚辉龙
688576.SH,西山科技
688577.SH,浙海德曼
688578.SH,艾力斯
688579.SH,山大地纬
688580.SH,伟思医疗
688581.SH,安杰思
688582.SH,芯动联科
688583.SH,思看科技
688584.SH,上海合晶
688585.SH,上纬新材
688586.SH,江航装备
688588.SH,凌志软件
688589.SH,力合微
688590.SH,新致软件
688591.SH,泰凌微
688592.SH,司南导航
688593.SH,新相微
688595.SH,芯海科技
688596.SH,正帆科技
688597.SH,煜邦电力
688598.SH,金博股份
688599.SH,天合光能
688600.SH,皖仪科技
688601.SH,力芯微
688602.SH,康鹏科技
688603.SH,天承科技
688605.SH,先锋精科
688606.SH,奥泰生物
688607.SH,康众医疗
688608.SH,恒玄科技
688609.SH,九联科技
688610.SH,埃科光电
688611.SH,杭州柯林
688612.SH,威迈斯
688613.SH,奥精医疗
688615.SH,合合信息
688616.SH,西力科技
688617.SH,惠泰医疗
688618.SH,三旺通信
688619.SH,罗普特
688620.SH,安凯微
688621.SH,阳光诺和
688622.SH,禾信仪器
688623.SH,双元科技
688625.SH,呈和科技
688626.SH,翔宇医疗
688627.SH,精智达
688628.SH,优利德
688629.SH,华丰科技
688630.SH,芯碁微装
688631.SH,莱斯信息
688633.SH,星球石墨
688636.SH,智明达
688638.SH,誉辰智能
688639.SH,华恒生物
688646.SH,ST逸飞
688648.SH,中邮科技
688651.SH,盛邦安全
688652.SH,京仪装备
688653.SH,康希通信
688655.SH,迅捷兴
688656.SH,XD浩欧博
688657.SH,浩辰软件
688658.SH,悦康药业
688659.SH,元琛科技
688660.SH,电气风电
688661.SH,和林微纳
688662.SH,富信科技
688663.SH,新风光
688665.SH,四方光电
688667.SH,菱电电控
688668.SH,鼎通科技
688669.SH,聚石化学
688670.SH,金迪克
688671.SH,碧兴物联
688676.SH,金盘科技
688677.SH,海泰新光
688678.SH,福立旺
688679.SH,XD通源环
688680.SH,海优新材
688681.SH,科汇股份
688682.SH,霍莱沃
688683.SH,莱尔科技
688685.SH,迈信林
688686.SH,奥普特
688687.SH,凯因科技
688689.SH,银河微电
688690.SH,纳微科技
688691.SH,灿芯股份
688692.SH,达梦数据
688693.SH,锴威特
688695.SH,中创股份
688696.SH,极米科技
688697.SH,纽威数控
688698.SH,伟创电气
688699.SH,明微电子
688700.SH,东威科技
688701.SH,卓锦股份
688702.SH,盛科通信-U
688707.SH,振华新材
688708.SH,佳驰科技
688709.SH,成都华微
688710.SH,益诺思
688711.SH,宏微科技
688716.SH,中研股份
688717.SH,艾罗能源
688718.SH,唯赛勃
688719.SH,爱科赛博
688720.SH,艾森股份
688721.SH,龙图光罩
688722.SH,同益中
688726.SH,拉普拉斯
688728.SH,格科微
688733.SH,壹石通
688737.SH,中自科技
688739.SH,成大生物
688750.SH,金天钛业
688755.SH,汉邦科技
688757.SH,胜科纳米
688758.SH,赛分科技
688766.SH,普冉股份
688767.SH,博拓生物
688768.SH,容知日新
688772.SH,珠海冠宇
688776.SH,国光电气
688777.SH,中控技术
688778.SH,厦钨新能
688779.SH,五矿新能
688786.SH,悦安新材
688787.SH,海天瑞声
688788.SH,科思科技
688789.SH,宏华数科
688793.SH,倍轻松
688798.SH,艾为电子
688799.SH,DR华纳药
688800.SH,瑞可达
688819.SH,天能股份
688981.SH,中芯国际
689009.SH,九号公司-WD
