300001.SZ,特锐德
300002.SZ,神州泰岳
300003.SZ,乐普医疗
300004.SZ,南风股份
300005.SZ,探路者
300006.SZ,莱美药业
300007.SZ,汉威科技
300008.SZ,天海防务
300009.SZ,安科生物
300010.SZ,豆神教育
300011.SZ,鼎汉技术
300012.SZ,华测检测
300013.SZ,新宁物流
300014.SZ,亿纬锂能
300015.SZ,爱尔眼科
300016.SZ,北陆药业
300017.SZ,网宿科技
300018.SZ,中元股份
300019.SZ,硅宝科技
300020.SZ,ST银江
300021.SZ,大禹节水
300022.SZ,吉峰科技
300024.SZ,机器人
300025.SZ,华星创业
300026.SZ,红日药业
300027.SZ,华谊兄弟
300029.SZ,*ST天龙
300030.SZ,阳普医疗
300031.SZ,宝通科技
300032.SZ,金龙机电
300033.SZ,同花顺
300034.SZ,钢研高纳
300035.SZ,中科电气
300036.SZ,超图软件
300037.SZ,新宙邦
300039.SZ,上海凯宝
300040.SZ,九洲集团
300041.SZ,回天新材
300042.SZ,朗科科技
300043.SZ,星辉娱乐
300044.SZ,ST赛为
300045.SZ,华力创通
300046.SZ,台基股份
300047.SZ,天源迪科
300048.SZ,合康新能
300049.SZ,福瑞股份
300050.SZ,世纪鼎利
300051.SZ,琏升科技
300052.SZ,ST中青宝
300053.SZ,航宇微
300054.SZ,鼎龙股份
300055.SZ,万邦达
300056.SZ,中创环保
300057.SZ,万顺新材
300058.SZ,蓝色光标
300059.SZ,东方财富
300061.SZ,旗天科技
300062.SZ,中能电气
300063.SZ,天龙集团
300065.SZ,海兰信
300066.SZ,三川智慧
300067.SZ,安诺其
300068.SZ,南都电源
300069.SZ,金利华电
300070.SZ,碧水源
300071.SZ,福石控股
300072.SZ,海新能科
300073.SZ,当升科技
300074.SZ,华平股份
300075.SZ,数字政通
300076.SZ,GQY视讯
300077.SZ,国民技术
300078.SZ,思创医惠
300079.SZ,数码视讯
300080.SZ,易成新能
300081.SZ,恒信东方
300082.SZ,奥克股份
300083.SZ,创世纪
300084.SZ,海默科技
300085.SZ,银之杰
300086.SZ,康芝药业
300087.SZ,荃银高科
300088.SZ,长信科技
300091.SZ,金通灵
300092.SZ,科新机电
300093.SZ,*ST金刚
300094.SZ,国联水产
300095.SZ,华伍股份
300096.SZ,ST易联众
300097.SZ,ST智云
300098.SZ,高新兴
300099.SZ,尤洛卡
300100.SZ,双林股份
300101.SZ,振芯科技
300102.SZ,乾照光电
300103.SZ,达刚控股
300105.SZ,龙源技术
300106.SZ,西部牧业
300107.SZ,建新股份
300109.SZ,新开源
300110.SZ,华仁药业
300111.SZ,向日葵
300112.SZ,万讯自控
300113.SZ,顺网科技
300115.SZ,长盈精密
300118.SZ,东方日升
300119.SZ,瑞普生物
300120.SZ,经纬辉开
300121.SZ,阳谷华泰
300122.SZ,智飞生物
300123.SZ,亚光科技
300124.SZ,汇川技术
300125.SZ,*ST聆达
300126.SZ,锐奇股份
300127.SZ,银河磁体
300128.SZ,锦富技术
300129.SZ,泰胜风能
300130.SZ,新国都
300131.SZ,英唐智控
300132.SZ,青松股份
300133.SZ,华策影视
300134.SZ,大富科技
300135.SZ,宝利国际
300136.SZ,信维通信
300137.SZ,ST先河
300138.SZ,晨光生物
300139.SZ,晓程科技
300140.SZ,节能环境
300141.SZ,和顺电气
300142.SZ,沃森生物
300143.SZ,盈康生命
300144.SZ,宋城演艺
300145.SZ,南方泵业
300146.SZ,汤臣倍健
300147.SZ,ST香雪
300148.SZ,天舟文化
300149.SZ,睿智医药
300150.SZ,世纪瑞尔
300151.SZ,昌红科技
300152.SZ,ST新动力
300153.SZ,科泰电源
300154.SZ,瑞凌股份
300155.SZ,安居宝
300157.SZ,新锦动力
300158.SZ,振东制药
300159.SZ,*ST新研
300160.SZ,秀强股份
300161.SZ,华中数控
300162.SZ,雷曼光电
300163.SZ,ST先锋
300164.SZ,通源石油
300165.SZ,ST天瑞
300166.SZ,东方国信
300167.SZ,*ST迪威
300168.SZ,万达信息
300169.SZ,天晟新材
300170.SZ,汉得信息
300171.SZ,东富龙
300172.SZ,中电环保
300173.SZ,福能东方
300174.SZ,元力股份
300175.SZ,ST朗源
300176.SZ,鸿特科技
300177.SZ,中海达
300179.SZ,四方达
300180.SZ,华峰超纤
300181.SZ,佐力药业
300182.SZ,捷成股份
300183.SZ,东软载波
300184.SZ,力源信息
300185.SZ,通裕重工
300187.SZ,永清环保
300188.SZ,国投智能
300189.SZ,神农种业
300190.SZ,维尔利
300191.SZ,潜能恒信
300192.SZ,科德教育
300193.SZ,佳士科技
300194.SZ,福安药业
300195.SZ,长荣股份
300196.SZ,长海股份
300197.SZ,节能铁汉
300198.SZ,ST纳川
300199.SZ,翰宇药业
300200.SZ,高盟新材
300201.SZ,海伦哲
300203.SZ,聚光科技
300204.SZ,舒泰神
300205.SZ,*ST天喻
300206.SZ,理邦仪器
300207.SZ,欣旺达
300208.SZ,*ST中程
300209.SZ,有棵树
300210.SZ,森远股份
300211.SZ,*ST亿通
300212.SZ,易华录
300213.SZ,佳讯飞鸿
300214.SZ,日科化学
300215.SZ,电科院
300217.SZ,东方电热
300218.SZ,安利股份
300219.SZ,鸿利智汇
300220.SZ,金运激光
300221.SZ,银禧科技
300222.SZ,科大智能
300223.SZ,北京君正
300224.SZ,正海磁材
300225.SZ,金力泰
300226.SZ,上海钢联
300227.SZ,光韵达
300228.SZ,富瑞特装
300229.SZ,拓尔思
300230.SZ,永利股份
300231.SZ,银信科技
300232.SZ,洲明科技
300233.SZ,金城医药
300234.SZ,开尔新材
300235.SZ,方直科技
300236.SZ,上海新阳
300237.SZ,美晨科技
300238.SZ,冠昊生物
300239.SZ,东宝生物
300240.SZ,飞力达
300241.SZ,瑞丰光电
300242.SZ,佳云科技
300243.SZ,瑞丰高材
300244.SZ,迪安诊断
300245.SZ,天玑科技
300246.SZ,宝莱特
300247.SZ,融捷健康
300248.SZ,新开普
300249.SZ,依米康
300250.SZ,初灵信息
300251.SZ,光线传媒
300252.SZ,金信诺
300253.SZ,卫宁健康
300254.SZ,仟源医药
300255.SZ,常山药业
300256.SZ,星星科技
300257.SZ,开山股份
300258.SZ,精锻科技
300259.SZ,新天科技
300260.SZ,新莱应材
300261.SZ,雅本化学
300263.SZ,隆华科技
300264.SZ,佳创视讯
300265.SZ,通光线缆
300266.SZ,兴源环境
300267.SZ,尔康制药
300268.SZ,*ST佳沃
300269.SZ,联建光电
300270.SZ,中威电子
300271.SZ,华宇软件
300272.SZ,开能健康
300274.SZ,阳光电源
300275.SZ,梅安森
300276.SZ,三丰智能
300277.SZ,海联讯
300278.SZ,华昌达
300279.SZ,和晶科技
300280.SZ,*ST紫天
300281.SZ,金明精机
300283.SZ,温州宏丰
300284.SZ,苏交科
300285.SZ,国瓷材料
300286.SZ,安科瑞
300287.SZ,飞利信
300288.SZ,朗玛信息
300289.SZ,利德曼
300290.SZ,荣科科技
300291.SZ,百纳千成
300292.SZ,吴通控股
300293.SZ,蓝英装备
300294.SZ,博雅生物
300295.SZ,三六五网
300296.SZ,利亚德
300298.SZ,三诺生物
300299.SZ,富春股份
300300.SZ,ST峡创
300301.SZ,*ST长方
300302.SZ,同有科技
300303.SZ,聚飞光电
300304.SZ,云意电气
300305.SZ,裕兴股份
300306.SZ,远方信息
300307.SZ,慈星股份
300308.SZ,中际旭创
300310.SZ,宜通世纪
300311.SZ,任子行
300313.SZ,*ST天山
300314.SZ,戴维医疗
300315.SZ,掌趣科技
300316.SZ,晶盛机电
300317.SZ,珈伟新能
300318.SZ,博晖创新
300319.SZ,麦捷科技
300320.SZ,海达股份
300321.SZ,同大股份
300322.SZ,硕贝德
300323.SZ,华灿光电
300324.SZ,旋极信息
300326.SZ,ST凯利
300327.SZ,中颖电子
300328.SZ,宜安科技
300329.SZ,海伦钢琴
300331.SZ,苏大维格
300332.SZ,天壕能源
300333.SZ,兆日科技
300334.SZ,津膜科技
300335.SZ,迪森股份
300337.SZ,银邦股份
300338.SZ,*ST开元
300339.SZ,润和软件
300340.SZ,科恒股份
300341.SZ,麦克奥迪
300342.SZ,天银机电
300343.SZ,ST联创
300344.SZ,ST立方
300345.SZ,华民股份
300346.SZ,南大光电
300347.SZ,泰格医药
300348.SZ,长亮科技
300349.SZ,金卡智能
300350.SZ,华鹏飞
300351.SZ,永贵电器
300352.SZ,北信源
300353.SZ,东土科技
300354.SZ,东华测试
300355.SZ,蒙草生态
300357.SZ,我武生物
300358.SZ,楚天科技
300359.SZ,全通教育
300360.SZ,炬华科技
300363.SZ,博腾股份
300364.SZ,中文在线
300365.SZ,恒华科技
300366.SZ,创意信息
300368.SZ,汇金股份
300369.SZ,绿盟科技
300370.SZ,安控科技
300371.SZ,汇中股份
300373.SZ,扬杰科技
300374.SZ,中铁装配
300375.SZ,鹏翎股份
300376.SZ,ST易事特
300377.SZ,赢时胜
300378.SZ,鼎捷数智
300379.SZ,*ST东通
300380.SZ,安硕信息
300381.SZ,溢多利
300382.SZ,斯莱克
300383.SZ,光环新网
300384.SZ,三联虹普
300385.SZ,雪浪环境
300386.SZ,飞天诚信
300387.SZ,富邦科技
300388.SZ,节能国祯
300389.SZ,艾比森
300390.SZ,天华新能
300391.SZ,*ST长药
300393.SZ,中来股份
300394.SZ,天孚通信
300395.SZ,菲利华
300396.SZ,迪瑞医疗
300397.SZ,天和防务
300398.SZ,飞凯材料
300399.SZ,天利科技
300400.SZ,劲拓股份
300401.SZ,花园生物
300402.SZ,宝色股份
300403.SZ,汉宇集团
300404.SZ,博济医药
300405.SZ,科隆股份
300406.SZ,九强生物
300407.SZ,凯发电气
300408.SZ,三环集团
300409.SZ,道氏技术
300410.SZ,正业科技
300411.SZ,金盾股份
300412.SZ,迦南科技
300413.SZ,芒果超媒
300414.SZ,中光防雷
300415.SZ,伊之密
300416.SZ,苏试试验
300417.SZ,南华仪器
300418.SZ,昆仑万维
300419.SZ,ST浩丰
300420.SZ,五洋自控
300421.SZ,力星股份
300422.SZ,博世科
300423.SZ,昇辉科技
300424.SZ,航新科技
300425.SZ,中建环能
300426.SZ,华智数媒
300427.SZ,红相股份
300428.SZ,立中集团
300429.SZ,强力新材
300430.SZ,诚益通
300432.SZ,富临精工
300433.SZ,蓝思科技
300434.SZ,金石亚药
300435.SZ,中泰股份
300436.SZ,广生堂
300437.SZ,清水源
300438.SZ,鹏辉能源
300439.SZ,美康生物
300440.SZ,运达科技
300441.SZ,鲍斯股份
300442.SZ,润泽科技
300443.SZ,金雷股份
300444.SZ,双杰电气
300445.SZ,康斯特
300446.SZ,航天智造
300447.SZ,全信股份
300448.SZ,浩云科技
300449.SZ,汉邦高科
300450.SZ,先导智能
300451.SZ,创业慧康
300452.SZ,山河药辅
300453.SZ,三鑫医疗
300454.SZ,深信服
300455.SZ,航天智装
300456.SZ,赛微电子
300457.SZ,赢合科技
300458.SZ,全志科技
300459.SZ,汤姆猫
300460.SZ,惠伦晶体
300461.SZ,田中精机
300462.SZ,华铭智能
300463.SZ,迈克生物
300464.SZ,星徽股份
300465.SZ,高伟达
300466.SZ,赛摩智能
300467.SZ,迅游科技
300468.SZ,四方精创
300469.SZ,信息发展
300470.SZ,中密控股
300471.SZ,厚普股份
300472.SZ,*ST新元
300473.SZ,德尔股份
300474.SZ,景嘉微
300475.SZ,香农芯创
300476.SZ,胜宏科技
300477.SZ,ST合纵
300478.SZ,杭州高新
300479.SZ,神思电子
300480.SZ,光力科技
300481.SZ,濮阳惠成
300482.SZ,万孚生物
300483.SZ,首华燃气
300484.SZ,蓝海华腾
300485.SZ,赛升药业
300486.SZ,东杰智能
300487.SZ,蓝晓科技
300488.SZ,恒锋工具
300489.SZ,光智科技
300490.SZ,华自科技
300491.SZ,通合科技
300492.SZ,华图山鼎
300493.SZ,润欣科技
300494.SZ,盛天网络
300496.SZ,中科创达
300497.SZ,富祥药业
300498.SZ,温氏股份
300499.SZ,高澜股份
300500.SZ,启迪设计
300501.SZ,海顺新材
300502.SZ,新易盛
300503.SZ,昊志机电
300504.SZ,天邑股份
300505.SZ,川金诺
300506.SZ,ST名家汇
300507.SZ,苏奥传感
300508.SZ,维宏股份
300509.SZ,新美星
300510.SZ,金冠股份
300511.SZ,雪榕生物
300512.SZ,中亚股份
300513.SZ,恒实科技
300514.SZ,友讯达
300515.SZ,三德科技
300516.SZ,久之洋
300517.SZ,海波重科
300518.SZ,新迅达
300519.SZ,新光药业
300520.SZ,科大国创
300521.SZ,爱司凯
300522.SZ,世名科技
300523.SZ,辰安科技
300525.SZ,博思软件
300527.SZ,中船应急
300528.SZ,幸福蓝海
300529.SZ,健帆生物
300530.SZ,领湃科技
300531.SZ,优博讯
300532.SZ,今天国际
300533.SZ,冰川网络
300534.SZ,陇神戎发
300535.SZ,达威股份
300536.SZ,农尚环境
300537.SZ,广信材料
300538.SZ,同益股份
300539.SZ,横河精密
300540.SZ,蜀道装备
300541.SZ,先进数通
300542.SZ,新晨科技
300543.SZ,朗科智能
300545.SZ,联得装备
300546.SZ,雄帝科技
300547.SZ,川环科技
300548.SZ,博创科技
300549.SZ,优德精密
300550.SZ,和仁科技
300551.SZ,古鳌科技
300552.SZ,万集科技
300553.SZ,集智股份
300554.SZ,三超新材
300555.SZ,ST路通
300556.SZ,丝路视觉
300557.SZ,理工光科
300558.SZ,贝达药业
300559.SZ,佳发教育
300560.SZ,中富通
300561.SZ,*ST汇科
300562.SZ,乐心医疗
300563.SZ,神宇股份
300564.SZ,筑博设计
300565.SZ,科信技术
300566.SZ,激智科技
300567.SZ,精测电子
300568.SZ,星源材质
300569.SZ,天能重工
300570.SZ,太辰光
300571.SZ,平治信息
300572.SZ,安车检测
300573.SZ,兴齐眼药
300575.SZ,中旗股份
300576.SZ,容大感光
300577.SZ,开润股份
300578.SZ,会畅通讯
300579.SZ,数字认证
300580.SZ,贝斯特
300581.SZ,晨曦航空
300582.SZ,英飞特
300583.SZ,赛托生物
300584.SZ,海辰药业
300585.SZ,奥联电子
300586.SZ,美联新材
300587.SZ,天铁科技
300588.SZ,熙菱信息
300589.SZ,江龙船艇
300590.SZ,移为通信
300591.SZ,万里马
300592.SZ,华凯易佰
300593.SZ,新雷能
300594.SZ,朗进科技
300595.SZ,欧普康视
300596.SZ,利安隆
300597.SZ,吉大通信
300598.SZ,诚迈科技
300599.SZ,雄塑科技
300600.SZ,ST瑞科
300601.SZ,康泰生物
300602.SZ,飞荣达
300603.SZ,立昂技术
300604.SZ,长川科技
300605.SZ,恒锋信息
300606.SZ,金太阳
300607.SZ,拓斯达
300608.SZ,思特奇
300609.SZ,汇纳科技
300610.SZ,晨化股份
300611.SZ,美力科技
300612.SZ,宣亚国际
300613.SZ,富瀚微
300614.SZ,百川畅银
300615.SZ,欣天科技
300616.SZ,尚品宅配
300617.SZ,安靠智电
300618.SZ,寒锐钴业
300619.SZ,金银河
300620.SZ,光库科技
300621.SZ,维业股份
300622.SZ,博士眼镜
300623.SZ,捷捷微电
300624.SZ,万兴科技
300625.SZ,三雄极光
300626.SZ,华瑞股份
300627.SZ,华测导航
300628.SZ,亿联网络
300629.SZ,新劲刚
300631.SZ,久吾高科
300632.SZ,光莆股份
300633.SZ,开立医疗
300634.SZ,彩讯股份
300635.SZ,中达安
300636.SZ,同和药业
300637.SZ,扬帆新材
300638.SZ,广和通
300639.SZ,凯普生物
300640.SZ,德艺文创
300641.SZ,正丹股份
300642.SZ,透景生命
300643.SZ,万通智控
300644.SZ,南京聚隆
300645.SZ,正元智慧
300647.SZ,超频三
300648.SZ,星云股份
300649.SZ,杭州园林
300650.SZ,太龙股份
300651.SZ,金陵体育
300652.SZ,雷迪克
300653.SZ,正海生物
300654.SZ,世纪天鸿
300655.SZ,晶瑞电材
300656.SZ,民德电子
300657.SZ,弘信电子
300658.SZ,延江股份
300659.SZ,中孚信息
300660.SZ,江苏雷利
300661.SZ,圣邦股份
300662.SZ,科锐国际
300663.SZ,科蓝软件
300664.SZ,鹏鹞环保
300665.SZ,飞鹿股份
300666.SZ,江丰电子
300667.SZ,必创科技
300668.SZ,杰恩设计
300669.SZ,沪宁股份
300670.SZ,大烨智能
300671.SZ,富满微
300672.SZ,国科微
300673.SZ,佩蒂股份
300674.SZ,宇信科技
300675.SZ,建科院
300676.SZ,华大基因
300677.SZ,英科医疗
300678.SZ,中科信息
300679.SZ,电连技术
300680.SZ,隆盛科技
300681.SZ,英搏尔
300682.SZ,朗新集团
300683.SZ,海特生物
300684.SZ,中石科技
300685.SZ,艾德生物
300686.SZ,智动力
300687.SZ,赛意信息
300688.SZ,创业黑马
300689.SZ,澄天伟业
300690.SZ,双一科技
300691.SZ,联合光电
300692.SZ,中环环保
300693.SZ,盛弘股份
300694.SZ,蠡湖股份
300695.SZ,兆丰股份
300696.SZ,爱乐达
300697.SZ,电工合金
300698.SZ,万马科技
300699.SZ,光威复材
300700.SZ,岱勒新材
300701.SZ,森霸传感
300702.SZ,天宇股份
300703.SZ,创源股份
300705.SZ,九典制药
300706.SZ,阿石创
300707.SZ,威唐工业
300708.SZ,聚灿光电
300709.SZ,精研科技
300710.SZ,万隆光电
300711.SZ,广哈通信
300712.SZ,永福股份
300713.SZ,英可瑞
300715.SZ,凯伦股份
300716.SZ,ST泉为
300717.SZ,华信新材
300718.SZ,长盛轴承
300719.SZ,安达维尔
300720.SZ,海川智能
300721.SZ,怡达股份
300722.SZ,新余国科
300723.SZ,一品红
300724.SZ,捷佳伟创
300725.SZ,药石科技
300726.SZ,宏达电子
300727.SZ,润禾材料
300729.SZ,乐歌股份
300730.SZ,科创信息
300731.SZ,科创新源
300732.SZ,设研院
300733.SZ,西菱动力
300735.SZ,光弘科技
300736.SZ,百邦科技
300737.SZ,科顺股份
300738.SZ,奥飞数据
300739.SZ,明阳电路
300740.SZ,水羊股份
300741.SZ,华宝股份
300743.SZ,天地数码
300745.SZ,欣锐科技
300746.SZ,汉嘉设计
300747.SZ,锐科激光
300748.SZ,金力永磁
300749.SZ,顶固集创
300750.SZ,宁德时代
300751.SZ,迈为股份
300752.SZ,隆利科技
300753.SZ,爱朋医疗
300755.SZ,华致酒行
300756.SZ,金马游乐
300757.SZ,罗博特科
300758.SZ,七彩化学
300759.SZ,康龙化成
300760.SZ,迈瑞医疗
300761.SZ,立华股份
300762.SZ,上海瀚讯
300763.SZ,锦浪科技
300765.SZ,新诺威
300766.SZ,每日互动
300767.SZ,震安科技
300768.SZ,迪普科技
300769.SZ,德方纳米
300770.SZ,新媒股份
300771.SZ,智莱科技
300772.SZ,运达股份
300773.SZ,拉卡拉
300774.SZ,倍杰特
300775.SZ,三角防务
300776.SZ,帝尔激光
300777.SZ,中简科技
300778.SZ,新城市
300779.SZ,惠城环保
300780.SZ,德恩精工
300781.SZ,因赛集团
300782.SZ,卓胜微
300783.SZ,三只松鼠
300784.SZ,利安科技
300785.SZ,值得买
300786.SZ,国林科技
300787.SZ,海能实业
300788.SZ,中信出版
300789.SZ,唐源电气
300790.SZ,宇瞳光学
300791.SZ,仙乐健康
300792.SZ,壹网壹创
300793.SZ,佳禾智能
300795.SZ,米奥会展
300796.SZ,贝斯美
300797.SZ,钢研纳克
300798.SZ,锦鸡股份
300800.SZ,力合科技
300801.SZ,泰和科技
300802.SZ,矩子科技
300803.SZ,指南针
300804.SZ,广康生化
300805.SZ,电声股份
300806.SZ,斯迪克
300807.SZ,天迈科技
300808.SZ,久量股份
300809.SZ,华辰装备
300810.SZ,中科海讯
300811.SZ,铂科新材
300812.SZ,易天股份
300813.SZ,泰林生物
300814.SZ,中富电路
300815.SZ,玉禾田
300816.SZ,艾可蓝
300817.SZ,双飞集团
300818.SZ,耐普矿机
300819.SZ,聚杰微纤
300820.SZ,英杰电气
300821.SZ,东岳硅材
300822.SZ,贝仕达克
300823.SZ,建科智能
300824.SZ,北鼎股份
300825.SZ,阿尔特
300826.SZ,测绘股份
300827.SZ,上能电气
300828.SZ,锐新科技
300829.SZ,金丹科技
300830.SZ,金现代
300831.SZ,派瑞股份
300832.SZ,新产业
300833.SZ,浩洋股份
300834.SZ,星辉环材
300835.SZ,龙磁科技
300836.SZ,佰奥智能
300837.SZ,浙矿股份
300838.SZ,浙江力诺
300839.SZ,博汇股份
300840.SZ,酷特智能
300841.SZ,康华生物
300842.SZ,帝科股份
300843.SZ,胜蓝股份
300844.SZ,山水比德
300845.SZ,捷安高科
300846.SZ,首都在线
300847.SZ,中船汉光
300848.SZ,美瑞新材
300849.SZ,锦盛新材
300850.SZ,新强联
300851.SZ,交大思诺
300852.SZ,四会富仕
300853.SZ,申昊科技
300854.SZ,中兰环保
300855.SZ,图南股份
300856.SZ,科思股份
300857.SZ,协创数据
300858.SZ,科拓生物
300859.SZ,西域旅游
300860.SZ,锋尚文化
300861.SZ,美畅股份
300862.SZ,蓝盾光电
300863.SZ,卡倍亿
300864.SZ,南大环境
300865.SZ,大宏立
300866.SZ,安克创新
300867.SZ,圣元环保
300868.SZ,杰美特
300869.SZ,康泰医学
300870.SZ,欧陆通
300871.SZ,回盛生物
300872.SZ,天阳科技
300873.SZ,海晨股份
300875.SZ,捷强装备
300876.SZ,蒙泰高新
300877.SZ,金春股份
300878.SZ,维康药业
300879.SZ,大叶股份
300880.SZ,迦南智能
300881.SZ,盛德鑫泰
300882.SZ,万胜智能
300883.SZ,龙利得
300884.SZ,狄耐克
300885.SZ,海昌新材
300886.SZ,华业香料
300887.SZ,谱尼测试
300888.SZ,稳健医疗
300889.SZ,爱克股份
300890.SZ,翔丰华
300891.SZ,惠云钛业
300892.SZ,品渥食品
300893.SZ,松原安全
300894.SZ,火星人
300895.SZ,铜牛信息
300896.SZ,爱美客
300897.SZ,山科智能
300898.SZ,熊猫乳品
300899.SZ,*ST凯鑫
300900.SZ,广联航空
300901.SZ,中胤时尚
300902.SZ,国安达
300903.SZ,科翔股份
300904.SZ,威力传动
300905.SZ,宝丽迪
300906.SZ,日月明
300907.SZ,康平科技
300908.SZ,仲景食品
300909.SZ,汇创达
300910.SZ,瑞丰新材
300911.SZ,亿田智能
300912.SZ,凯龙高科
300913.SZ,兆龙互连
300915.SZ,海融科技
300916.SZ,朗特智能
300917.SZ,特发服务
300918.SZ,南山智尚
300919.SZ,中伟股份
300920.SZ,润阳科技
300921.SZ,南凌科技
300922.SZ,天秦装备
300923.SZ,研奥股份
300925.SZ,法本信息
300926.SZ,博俊科技
300927.SZ,江天化学
300928.SZ,华安鑫创
300929.SZ,华骐环保
300930.SZ,屹通新材
300931.SZ,通用电梯
300932.SZ,三友联众
300933.SZ,中辰股份
300935.SZ,盈建科
300936.SZ,中英科技
300937.SZ,药易购
300938.SZ,信测标准
300939.SZ,秋田微
300940.SZ,南极光
300941.SZ,创识科技
300942.SZ,易瑞生物
300943.SZ,春晖智控
300945.SZ,曼卡龙
300946.SZ,恒而达
300947.SZ,德必集团
300948.SZ,冠中生态
300949.SZ,奥雅股份
300950.SZ,德固特
300951.SZ,博硕科技
300952.SZ,恒辉安防
300953.SZ,震裕科技
300955.SZ,嘉亨家化
300956.SZ,英力股份
300957.SZ,贝泰妮
300958.SZ,建工修复
300959.SZ,线上线下
300960.SZ,通业科技
300961.SZ,深水海纳
300962.SZ,中金辐照
300963.SZ,中洲特材
300964.SZ,本川智能
300965.SZ,恒宇信通
300966.SZ,共同药业
300967.SZ,晓鸣股份
300968.SZ,格林精密
300969.SZ,恒帅股份
300970.SZ,华绿生物
300971.SZ,博亚精工
300972.SZ,万辰集团
300973.SZ,立高食品
300975.SZ,商络电子
300976.SZ,达瑞电子
300977.SZ,深圳瑞捷
300978.SZ,东箭科技
300979.SZ,华利集团
300980.SZ,祥源新材
300981.SZ,中红医疗
300982.SZ,苏文电能
300983.SZ,尤安设计
300984.SZ,金沃股份
300985.SZ,致远新能
300986.SZ,志特新材
300987.SZ,川网传媒
300988.SZ,津荣天宇
300989.SZ,蕾奥规划
300990.SZ,同飞股份
300991.SZ,创益通
300992.SZ,泰福泵业
300993.SZ,玉马科技
300994.SZ,久祺股份
300995.SZ,奇德新材
300996.SZ,普联软件
300997.SZ,欢乐家
300998.SZ,宁波方正
300999.SZ,金龙鱼
301000.SZ,肇民科技
301001.SZ,凯淳股份
301002.SZ,崧盛股份
301003.SZ,江苏博云
301004.SZ,嘉益股份
301005.SZ,超捷股份
301006.SZ,迈拓股份
301007.SZ,德迈仕
301008.SZ,宏昌科技
301009.SZ,可靠股份
301010.SZ,晶雪节能
301011.SZ,华立科技
301012.SZ,扬电科技
301013.SZ,利和兴
301015.SZ,百洋医药
301016.SZ,雷尔伟
301017.SZ,漱玉平民
301018.SZ,申菱环境
301019.SZ,宁波色母
301020.SZ,密封科技
301021.SZ,英诺激光
301022.SZ,海泰科
301023.SZ,江南奕帆
301024.SZ,霍普股份
301025.SZ,读客文化
301026.SZ,浩通科技
301027.SZ,华蓝集团
301028.SZ,东亚机械
301029.SZ,怡合达
301030.SZ,仕净科技
301031.SZ,中熔电气
301032.SZ,新柴股份
301033.SZ,迈普医学
301035.SZ,润丰股份
301036.SZ,双乐股份
301037.SZ,保立佳
301038.SZ,深水规院
301039.SZ,中集车辆
301040.SZ,中环海陆
301041.SZ,金百泽
301042.SZ,安联锐视
301043.SZ,绿岛风
301045.SZ,天禄科技
301046.SZ,能辉科技
301047.SZ,义翘神州
301048.SZ,金鹰重工
301049.SZ,超越科技
301050.SZ,雷电微力
301051.SZ,信濠光电
301052.SZ,果麦文化
301053.SZ,远信工业
301055.SZ,张小泉
301056.SZ,森赫股份
301057.SZ,汇隆新材
301058.SZ,中粮科工
301059.SZ,金三江
301060.SZ,兰卫医学
301061.SZ,匠心家居
301062.SZ,上海艾录
301063.SZ,海锅股份
301065.SZ,本立科技
301066.SZ,万事利
301067.SZ,显盈科技
301068.SZ,大地海洋
301069.SZ,凯盛新材
301070.SZ,开勒股份
301071.SZ,力量钻石
301072.SZ,中捷精工
301073.SZ,君亭酒店
301075.SZ,多瑞医药
301076.SZ,新瀚新材
301077.SZ,星华新材
301078.SZ,孩子王
301079.SZ,邵阳液压
301080.SZ,百普赛斯
301081.SZ,严牌股份
301082.SZ,久盛电气
301083.SZ,百胜智能
301085.SZ,亚康股份
301086.SZ,鸿富瀚
301087.SZ,可孚医疗
301088.SZ,戎美股份
301089.SZ,拓新药业
301090.SZ,华润材料
301091.SZ,深城交
301092.SZ,争光股份
301093.SZ,华兰股份
301095.SZ,广立微
301096.SZ,百诚医药
301097.SZ,天益医疗
301098.SZ,金埔园林
301099.SZ,雅创电子
301100.SZ,风光股份
301101.SZ,明月镜片
301102.SZ,兆讯传媒
301103.SZ,何氏眼科
301105.SZ,鸿铭股份
301106.SZ,骏成科技
301107.SZ,瑜欣电子
301108.SZ,洁雅股份
301109.SZ,军信股份
301110.SZ,青木科技
301111.SZ,粤万年青
301112.SZ,信邦智能
301113.SZ,雅艺科技
301115.SZ,联检科技
301116.SZ,益客食品
301117.SZ,佳缘科技
301118.SZ,恒光股份
301119.SZ,正强股份
301120.SZ,新特电气
301121.SZ,紫建电子
301122.SZ,采纳股份
301123.SZ,奕东电子
301125.SZ,腾亚精工
301126.SZ,达嘉维康
301127.SZ,武汉天源
301128.SZ,强瑞技术
301129.SZ,瑞纳智能
301130.SZ,西点药业
301131.SZ,聚赛龙
301132.SZ,满坤科技
301133.SZ,金钟股份
301135.SZ,瑞德智能
301136.SZ,招标股份
301137.SZ,哈焊华通
301138.SZ,华研精机
301139.SZ,元道通信
301141.SZ,中科磁业
301148.SZ,嘉戎技术
301149.SZ,隆华新材
301150.SZ,中一科技
301151.SZ,冠龙节能
301152.SZ,天力锂能
301153.SZ,中科江南
301155.SZ,海力风电
301156.SZ,美农生物
301157.SZ,华塑科技
301158.SZ,德石股份
301159.SZ,三维天地
301160.SZ,翔楼新材
301161.SZ,唯万密封
301162.SZ,国能日新
301163.SZ,宏德股份
301165.SZ,锐捷网络
301166.SZ,优宁维
301167.SZ,建研设计
301168.SZ,通灵股份
301169.SZ,零点有数
301170.SZ,锡南科技
301171.SZ,易点天下
301172.SZ,君逸数码
301173.SZ,毓恬冠佳
301175.SZ,中科环保
301176.SZ,逸豪新材
301177.SZ,迪阿股份
301178.SZ,天亿马
301179.SZ,泽宇智能
301180.SZ,万祥科技
301181.SZ,标榜股份
301182.SZ,凯旺科技
301183.SZ,东田微
301185.SZ,鸥玛软件
301186.SZ,超达装备
301187.SZ,欧圣电气
301188.SZ,力诺药包
301189.SZ,奥尼电子
301190.SZ,善水科技
301191.SZ,菲菱科思
301192.SZ,泰祥股份
301193.SZ,家联科技
301195.SZ,北路智控
301196.SZ,唯科科技
301197.SZ,工大科雅
301198.SZ,喜悦智行
301199.SZ,迈赫股份
301200.SZ,大族数控
301201.SZ,诚达药业
301202.SZ,朗威股份
301203.SZ,国泰环保
301205.SZ,联特科技
301206.SZ,三元生物
301207.SZ,华兰疫苗
301208.SZ,中亦科技
301209.SZ,联合化学
301210.SZ,金杨股份
301211.SZ,亨迪药业
301212.SZ,联盛化学
301213.SZ,观想科技
301215.SZ,中汽股份
301216.SZ,万凯新材
301217.SZ,铜冠铜箔
301218.SZ,华是科技
301219.SZ,腾远钴业
301220.SZ,亚香股份
301221.SZ,光庭信息
301222.SZ,浙江恒威
301223.SZ,中荣股份
301225.SZ,恒勃股份
301226.SZ,祥明智能
301227.SZ,森鹰窗业
301228.SZ,实朴检测
301229.SZ,纽泰格
301230.SZ,泓博医药
301231.SZ,荣信文化
301232.SZ,飞沃科技
301233.SZ,盛帮股份
301234.SZ,五洲医疗
301235.SZ,华康洁净
301236.SZ,软通动力
301237.SZ,和顺科技
301238.SZ,瑞泰新材
301239.SZ,普瑞眼科
301246.SZ,宏源药业
301248.SZ,杰创智能
301251.SZ,威尔高
301252.SZ,同星科技
301255.SZ,通力科技
301256.SZ,华融化学
301257.SZ,普蕊斯
301258.SZ,富士莱
301259.SZ,艾布鲁
301260.SZ,格力博
301261.SZ,恒工精密
301262.SZ,海看股份
301263.SZ,泰恩康
301265.SZ,华新环保
301266.SZ,宇邦新材
301267.SZ,华厦眼科
301268.SZ,铭利达
301269.SZ,华大九天
301270.SZ,汉仪股份
301272.SZ,英华特
301273.SZ,瑞晨环保
301275.SZ,汉朔科技
301276.SZ,嘉曼服饰
301277.SZ,新天地
301278.SZ,快可电子
301279.SZ,金道科技
301280.SZ,珠城科技
301281.SZ,科源制药
301282.SZ,金禄电子
301283.SZ,聚胶股份
301285.SZ,鸿日达
301286.SZ,侨源股份
301287.SZ,康力源
301288.SZ,*ST清研
301289.SZ,国缆检测
301290.SZ,东星医疗
301291.SZ,明阳电气
301292.SZ,海科新源
301293.SZ,三博脑科
301295.SZ,美硕科技
301296.SZ,新巨丰
301297.SZ,富乐德
301298.SZ,东利机械
301299.SZ,卓创资讯
301300.SZ,远翔新材
301301.SZ,川宁生物
301302.SZ,华如科技
301303.SZ,真兰仪表
301305.SZ,朗坤科技
301306.SZ,西测测试
301307.SZ,美利信
301308.SZ,江波龙
301309.SZ,万得凯
301310.SZ,鑫宏业
301311.SZ,昆船智能
301312.SZ,智立方
301313.SZ,凡拓数创
301314.SZ,科瑞思
301315.SZ,威士顿
301316.SZ,慧博云通
301317.SZ,鑫磊股份
301318.SZ,维海德
301319.SZ,唯特偶
301320.SZ,豪江智能
301321.SZ,翰博高新
301322.SZ,绿通科技
301323.SZ,新莱福
301325.SZ,曼恩斯特
301326.SZ,捷邦科技
301327.SZ,华宝新能
301328.SZ,维峰电子
301329.SZ,信音电子
301330.SZ,熵基科技
301331.SZ,恩威医药
301332.SZ,德尔玛
301333.SZ,诺思格
301335.SZ,天元宠物
301336.SZ,趣睡科技
301337.SZ,亚华电子
301338.SZ,凯格精机
301339.SZ,通行宝
301345.SZ,涛涛车业
301348.SZ,蓝箭电子
301349.SZ,信德新材
301353.SZ,普莱得
301355.SZ,南王科技
301356.SZ,天振股份
301357.SZ,北方长龙
301358.SZ,湖南裕能
301359.SZ,东南电子
301360.SZ,荣旗科技
301361.SZ,众智科技
301362.SZ,民爆光电
301363.SZ,美好医疗
301365.SZ,矩阵股份
301366.SZ,一博科技
301367.SZ,瑞迈特
301368.SZ,丰立智能
301369.SZ,联动科技
301370.SZ,国科恒泰
301371.SZ,敷尔佳
301372.SZ,科净源
301373.SZ,凌玮科技
301376.SZ,致欧科技
301377.SZ,鼎泰高科
301378.SZ,通达海
301379.SZ,天山电子
301380.SZ,挖金客
301381.SZ,赛维时代
301382.SZ,蜂助手
301383.SZ,天键股份
301386.SZ,未来电器
301387.SZ,光大同创
301388.SZ,欣灵电气
301389.SZ,隆扬电子
301390.SZ,经纬股份
301391.SZ,卡莱特
301392.SZ,汇成真空
301393.SZ,昊帆生物
301395.SZ,仁信新材
301396.SZ,宏景科技
301397.SZ,溯联股份
301398.SZ,星源卓镁
301399.SZ,英特科技
301408.SZ,华人健康
301413.SZ,安培龙
301418.SZ,协昌科技
301419.SZ,阿莱德
301421.SZ,波长光电
301428.SZ,世纪恒通
301429.SZ,森泰股份
301439.SZ,泓淋电力
301446.SZ,福事特
301448.SZ,开创电气
301456.SZ,盘古智能
301458.SZ,钧崴电子
301459.SZ,丰茂股份
301468.SZ,博盈特焊
301469.SZ,恒达新材
301479.SZ,弘景光电
301486.SZ,致尚科技
301487.SZ,盟固利
301488.SZ,豪恩汽电
301489.SZ,思泉新材
301498.SZ,乖宝宠物
301499.SZ,维科精密
301500.SZ,飞南资源
301501.SZ,恒鑫生活
301502.SZ,华阳智能
301503.SZ,智迪科技
301505.SZ,苏州规划
301507.SZ,民生健康
301508.SZ,中机认检
301509.SZ,金凯生科
301510.SZ,固高科技
301511.SZ,德福科技
301512.SZ,智信精密
301515.SZ,港通医疗
301516.SZ,中远通
301517.SZ,陕西华达
301518.SZ,长华化学
301519.SZ,舜禹股份
301520.SZ,万邦医药
301522.SZ,上大股份
301525.SZ,儒竞科技
301526.SZ,国际复材
301528.SZ,多浦乐
301529.SZ,福赛科技
301533.SZ,威马农机
301535.SZ,浙江华远
301536.SZ,星宸科技
301538.SZ,骏鼎达
301539.SZ,宏鑫科技
301548.SZ,崇德科技
301550.SZ,斯菱股份
301551.SZ,无线传媒
301552.SZ,科力装备
301555.SZ,惠柏新材
301556.SZ,托普云农
301557.SZ,常友科技
301558.SZ,三态股份
301559.SZ,中集环科
301560.SZ,众捷汽车
301565.SZ,中仑新材
301566.SZ,达利凯普
301567.SZ,贝隆精密
301568.SZ,思泰克
301571.SZ,国科天成
301577.SZ,美信科技
301578.SZ,辰奕智能
301580.SZ,爱迪特
301581.SZ,黄山谷捷
301585.SZ,蓝宇股份
301586.SZ,佳力奇
301587.SZ,中瑞股份
301588.SZ,美新科技
301589.SZ,诺瓦星云
301590.SZ,优优绿能
301591.SZ,肯特股份
301592.SZ,六九一二
301595.SZ,太力科技
301596.SZ,瑞迪智驱
301598.SZ,博科测试
301600.SZ,慧翰股份
301601.SZ,惠通科技
301602.SZ,超研股份
301603.SZ,乔锋智能
301606.SZ,绿联科技
301607.SZ,富特科技
301608.SZ,博实结
301611.SZ,珂玛科技
301613.SZ,新铝时代
301616.SZ,浙江华业
301617.SZ,博苑股份
301618.SZ,长联科技
301622.SZ,英思特
301626.SZ,苏州天脉
301628.SZ,强达电路
301629.SZ,矽电股份
301631.SZ,壹连科技
301633.SZ,港迪技术
301636.SZ,泽润新能
301658.SZ,首航新能
301662.SZ,宏工科技
301665.SZ,泰禾股份
302132.SZ,中航成飞
