000001.SZ,平安银行
000002.SZ,万 科Ａ
000004.SZ,*ST国华
000006.SZ,深振业Ａ
000007.SZ,全新好
000008.SZ,神州高铁
000009.SZ,中国宝安
000010.SZ,美丽生态
000011.SZ,深物业A
000012.SZ,南 玻Ａ
000014.SZ,沙河股份
000016.SZ,深康佳Ａ
000017.SZ,深中华A
000019.SZ,深粮控股
000020.SZ,深华发Ａ
000021.SZ,深科技
000025.SZ,特 力Ａ
000026.SZ,飞亚达
000027.SZ,深圳能源
000028.SZ,国药一致
000029.SZ,深深房Ａ
000030.SZ,富奥股份
000031.SZ,大悦城
000032.SZ,深桑达Ａ
000034.SZ,神州数码
000035.SZ,中国天楹
000036.SZ,华联控股
000037.SZ,深南电A
000039.SZ,中集集团
000042.SZ,中洲控股
000045.SZ,深纺织Ａ
000048.SZ,京基智农
000049.SZ,德赛电池
000050.SZ,深天马Ａ
000055.SZ,方大集团
000056.SZ,皇庭国际
000058.SZ,深 赛 格
000059.SZ,华锦股份
000060.SZ,中金岭南
000061.SZ,农 产 品
000062.SZ,深圳华强
000063.SZ,中兴通讯
000065.SZ,北方国际
000066.SZ,中国长城
000068.SZ,华控赛格
000069.SZ,华侨城Ａ
000070.SZ,ST特信
000078.SZ,海王生物
000088.SZ,盐 田 港
000089.SZ,深圳机场
000090.SZ,天健集团
000096.SZ,广聚能源
000099.SZ,中信海直
000100.SZ,TCL科技
000151.SZ,中成股份
000153.SZ,丰原药业
000155.SZ,川能动力
000156.SZ,华数传媒
000157.SZ,中联重科
000158.SZ,常山北明
000159.SZ,国际实业
000166.SZ,申万宏源
000301.SZ,东方盛虹
000333.SZ,美的集团
000338.SZ,潍柴动力
000400.SZ,许继电气
000401.SZ,冀东水泥
000402.SZ,金 融 街
000403.SZ,派林生物
000404.SZ,长虹华意
000407.SZ,胜利股份
000408.SZ,藏格矿业
000409.SZ,云鼎科技
000410.SZ,沈阳机床
000411.SZ,英特集团
000415.SZ,渤海租赁
000417.SZ,合百集团
000419.SZ,通程控股
000420.SZ,吉林化纤
000421.SZ,南京公用
000422.SZ,湖北宜化
000423.SZ,东阿阿胶
000425.SZ,徐工机械
000426.SZ,兴业银锡
000428.SZ,华天酒店
000429.SZ,粤高速Ａ
000430.SZ,ST张家界
000488.SZ,ST晨鸣
000498.SZ,山东路桥
000501.SZ,武商集团
000503.SZ,国新健康
000504.SZ,*ST生物
000505.SZ,京粮控股
000506.SZ,*ST中润
000507.SZ,珠海港
000509.SZ,华塑控股
000510.SZ,新金路
000513.SZ,丽珠集团
000514.SZ,渝 开 发
000516.SZ,国际医学
000517.SZ,荣安地产
000518.SZ,*ST四环
000519.SZ,中兵红箭
000520.SZ,凤凰航运
000521.SZ,长虹美菱
000523.SZ,红棉股份
000524.SZ,岭南控股
000525.SZ,ST红太阳
000526.SZ,学大教育
000528.SZ,柳 工
000529.SZ,广弘控股
000530.SZ,冰山冷热
000531.SZ,穗恒运Ａ
000532.SZ,华金资本
000533.SZ,顺钠股份
000534.SZ,万泽股份
000536.SZ,华映科技
000537.SZ,中绿电
000538.SZ,云南白药
000539.SZ,粤电力Ａ
000541.SZ,佛山照明
000543.SZ,皖能电力
000544.SZ,中原环保
000545.SZ,金浦钛业
000546.SZ,金圆股份
000547.SZ,航天发展
000548.SZ,湖南投资
000550.SZ,江铃汽车
000551.SZ,创元科技
000552.SZ,甘肃能化
000553.SZ,安道麦A
000554.SZ,泰山石油
000555.SZ,神州信息
000557.SZ,西部创业
000558.SZ,天府文旅
000559.SZ,万向钱潮
000560.SZ,我爱我家
000561.SZ,烽火电子
000563.SZ,陕国投Ａ
000564.SZ,供销大集
000565.SZ,渝三峡Ａ
000566.SZ,海南海药
000567.SZ,海德股份
000568.SZ,泸州老窖
000570.SZ,苏常柴Ａ
000571.SZ,新大洲A
000572.SZ,海马汽车
000573.SZ,粤宏远Ａ
000576.SZ,甘化科工
000581.SZ,威孚高科
000582.SZ,北部湾港
000584.SZ,*ST工智
000586.SZ,汇源通信
000589.SZ,贵州轮胎
000590.SZ,启迪药业
000591.SZ,太阳能
000592.SZ,平潭发展
000593.SZ,德龙汇能
000595.SZ,*ST宝实
000596.SZ,古井贡酒
000597.SZ,东北制药
000598.SZ,兴蓉环境
000599.SZ,青岛双星
000600.SZ,建投能源
000601.SZ,韶能股份
000603.SZ,盛达资源
000605.SZ,渤海股份
000607.SZ,华媒控股
000608.SZ,*ST阳光
000609.SZ,*ST中迪
000610.SZ,西安旅游
000612.SZ,焦作万方
000615.SZ,*ST美谷
000617.SZ,中油资本
000619.SZ,海螺新材
000620.SZ,新华联
000622.SZ,*ST恒立
000623.SZ,吉林敖东
000625.SZ,长安汽车
000626.SZ,远大控股
000627.SZ,天茂集团
000628.SZ,高新发展
000629.SZ,钒钛股份
000630.SZ,铜陵有色
000631.SZ,顺发恒业
000632.SZ,三木集团
000633.SZ,合金投资
000635.SZ,英 力 特
000636.SZ,风华高科
000637.SZ,茂化实华
000638.SZ,*ST万方
000639.SZ,西王食品
000650.SZ,仁和药业
000651.SZ,格力电器
000652.SZ,泰达股份
000655.SZ,金岭矿业
000656.SZ,*ST金科
000657.SZ,中钨高新
000659.SZ,珠海中富
000661.SZ,长春高新
000663.SZ,永安林业
000665.SZ,湖北广电
000668.SZ,*ST荣控
000669.SZ,ST金鸿
000670.SZ,盈方微
000672.SZ,上峰水泥
000676.SZ,智度股份
000677.SZ,恒天海龙
000678.SZ,襄阳轴承
000679.SZ,大连友谊
000680.SZ,山推股份
000681.SZ,视觉中国
000682.SZ,东方电子
000683.SZ,博源化工
000685.SZ,中山公用
000686.SZ,东北证券
000688.SZ,国城矿业
000690.SZ,宝新能源
000691.SZ,*ST亚太
000692.SZ,惠天热电
000695.SZ,滨海能源
000697.SZ,ST炼石
000698.SZ,沈阳化工
000700.SZ,模塑科技
000701.SZ,厦门信达
000702.SZ,正虹科技
000703.SZ,恒逸石化
000705.SZ,浙江震元
000707.SZ,双环科技
000708.SZ,中信特钢
000709.SZ,河钢股份
000710.SZ,贝瑞基因
000711.SZ,*ST京蓝
000712.SZ,锦龙股份
000713.SZ,丰乐种业
000715.SZ,中兴商业
000716.SZ,黑芝麻
000717.SZ,中南股份
000718.SZ,苏宁环球
000719.SZ,中原传媒
000720.SZ,新能泰山
000721.SZ,西安饮食
000722.SZ,湖南发展
000723.SZ,美锦能源
000725.SZ,京东方Ａ
000726.SZ,鲁 泰Ａ
000727.SZ,冠捷科技
000728.SZ,国元证券
000729.SZ,燕京啤酒
000731.SZ,四川美丰
000733.SZ,振华科技
000735.SZ,罗 牛 山
000736.SZ,*ST中地
000737.SZ,北方铜业
000738.SZ,航发控制
000739.SZ,普洛药业
000750.SZ,国海证券
000751.SZ,锌业股份
000752.SZ,ST西发
000753.SZ,漳州发展
000755.SZ,山西高速
000756.SZ,新华制药
000757.SZ,浩物股份
000758.SZ,中色股份
000759.SZ,中百集团
000761.SZ,本钢板材
000762.SZ,西藏矿业
000766.SZ,通化金马
000767.SZ,晋控电力
000768.SZ,中航西飞
000776.SZ,广发证券
000777.SZ,中核科技
000778.SZ,新兴铸管
000779.SZ,甘咨询
000782.SZ,恒申新材
000783.SZ,长江证券
000785.SZ,居然智家
000786.SZ,北新建材
000788.SZ,北大医药
000789.SZ,万年青
000790.SZ,华神科技
000791.SZ,甘肃能源
000792.SZ,盐湖股份
000793.SZ,ST华闻
000795.SZ,英洛华
000796.SZ,凯撒旅业
000797.SZ,中国武夷
000798.SZ,中水渔业
000799.SZ,酒鬼酒
000800.SZ,一汽解放
000801.SZ,四川九洲
000802.SZ,北京文化
000803.SZ,山高环能
000807.SZ,云铝股份
000809.SZ,和展能源
000810.SZ,创维数字
000811.SZ,冰轮环境
000812.SZ,陕西金叶
000813.SZ,德展健康
000815.SZ,美利云
000816.SZ,智慧农业
000818.SZ,航锦科技
000819.SZ,岳阳兴长
000820.SZ,*ST节能
000821.SZ,京山轻机
000822.SZ,山东海化
000823.SZ,超声电子
000825.SZ,太钢不锈
000826.SZ,启迪环境
000828.SZ,东莞控股
000829.SZ,天音控股
000830.SZ,鲁西化工
000831.SZ,中国稀土
000833.SZ,粤桂股份
000837.SZ,秦川机床
000838.SZ,财信发展
000839.SZ,中信国安
000848.SZ,承德露露
000850.SZ,华茂股份
000851.SZ,*ST高鸿
000852.SZ,石化机械
000856.SZ,冀东装备
000858.SZ,五 粮 液
000859.SZ,国风新材
000860.SZ,顺鑫农业
000862.SZ,银星能源
000863.SZ,三湘印象
000868.SZ,安凯客车
000869.SZ,张 裕Ａ
000875.SZ,吉电股份
000876.SZ,新 希 望
000877.SZ,天山股份
000878.SZ,云南铜业
000880.SZ,潍柴重机
000881.SZ,中广核技
000882.SZ,华联股份
000883.SZ,湖北能源
000885.SZ,城发环境
000886.SZ,海南高速
000887.SZ,中鼎股份
000888.SZ,峨眉山Ａ
000889.SZ,ST中嘉
000890.SZ,法尔胜
000892.SZ,欢瑞世纪
000893.SZ,亚钾国际
000895.SZ,双汇发展
000897.SZ,津滨发展
000898.SZ,鞍钢股份
000899.SZ,赣能股份
000900.SZ,现代投资
000901.SZ,航天科技
000902.SZ,新洋丰
000903.SZ,云内动力
000905.SZ,厦门港务
000906.SZ,浙商中拓
000908.SZ,*ST景峰
000909.SZ,ST数源
000910.SZ,大亚圣象
000911.SZ,广农糖业
000912.SZ,泸天化
000913.SZ,钱江摩托
000915.SZ,华特达因
000917.SZ,电广传媒
000919.SZ,金陵药业
000920.SZ,沃顿科技
000921.SZ,海信家电
000922.SZ,佳电股份
000923.SZ,河钢资源
000925.SZ,众合科技
000926.SZ,福星股份
000927.SZ,中国铁物
000928.SZ,中钢国际
000929.SZ,*ST兰黄
000930.SZ,中粮科技
000931.SZ,中 关 村
000932.SZ,华菱钢铁
000933.SZ,神火股份
000935.SZ,四川双马
000936.SZ,华西股份
000937.SZ,冀中能源
000938.SZ,紫光股份
000948.SZ,南天信息
000949.SZ,新乡化纤
000950.SZ,重药控股
000951.SZ,中国重汽
000952.SZ,广济药业
000953.SZ,河化股份
000955.SZ,欣龙控股
000957.SZ,中通客车
000958.SZ,电投产融
000959.SZ,首钢股份
000960.SZ,锡业股份
000962.SZ,东方钽业
000963.SZ,华东医药
000965.SZ,天保基建
000966.SZ,长源电力
000967.SZ,盈峰环境
000968.SZ,蓝焰控股
000969.SZ,安泰科技
000970.SZ,中科三环
000972.SZ,*ST中基
000973.SZ,佛塑科技
000975.SZ,山金国际
000977.SZ,浪潮信息
000978.SZ,桂林旅游
000980.SZ,众泰汽车
000981.SZ,山子高科
000983.SZ,山西焦煤
000985.SZ,大庆华科
000987.SZ,越秀资本
000988.SZ,华工科技
000989.SZ,九芝堂
000990.SZ,诚志股份
000993.SZ,闽东电力
000995.SZ,皇台酒业
000997.SZ,新 大 陆
000998.SZ,隆平高科
000999.SZ,华润三九
001201.SZ,东瑞股份
001202.SZ,炬申股份
001203.SZ,大中矿业
001205.SZ,盛航股份
001206.SZ,依依股份
001207.SZ,联科科技
001208.SZ,华菱线缆
001209.SZ,洪兴股份
001210.SZ,金房能源
001211.SZ,双枪科技
001212.SZ,中旗新材
001213.SZ,中铁特货
001215.SZ,千味央厨
001216.SZ,华瓷股份
001217.SZ,华尔泰
001218.SZ,丽臣实业
001219.SZ,青岛食品
001222.SZ,源飞宠物
001223.SZ,欧克科技
001225.SZ,和泰机电
001226.SZ,拓山重工
001227.SZ,兰州银行
001228.SZ,永泰运
001229.SZ,魅视科技
001230.SZ,劲旅环境
001231.SZ,农心科技
001234.SZ,泰慕士
001236.SZ,弘业期货
001238.SZ,浙江正特
001239.SZ,永达股份
001255.SZ,博菲电气
001256.SZ,炜冈科技
001258.SZ,立新能源
001259.SZ,利仁科技
001260.SZ,坤泰股份
001266.SZ,宏英智能
001267.SZ,汇绿生态
001268.SZ,联合精密
001269.SZ,欧晶科技
001270.SZ,*ST铖昌
001277.SZ,速达股份
001278.SZ,一彬科技
001279.SZ,强邦新材
001282.SZ,三联锻造
001283.SZ,豪鹏科技
001286.SZ,陕西能源
001287.SZ,中电港
001288.SZ,运机集团
001289.SZ,龙源电力
001296.SZ,长江材料
001298.SZ,好上好
001299.SZ,美能能源
001300.SZ,三柏硕
001301.SZ,尚太科技
001306.SZ,夏厦精密
001308.SZ,康冠科技
001309.SZ,德明利
001311.SZ,多利科技
001313.SZ,粤海饲料
001314.SZ,亿道信息
001316.SZ,润贝航科
001317.SZ,三羊马
001318.SZ,阳光乳业
001319.SZ,铭科精技
001322.SZ,箭牌家居
001323.SZ,慕思股份
001324.SZ,长青科技
001326.SZ,联域股份
001328.SZ,登康口腔
001330.SZ,博纳影业
001331.SZ,胜通能源
001332.SZ,锡装股份
001333.SZ,光华股份
001335.SZ,信凯科技
001336.SZ,楚环科技
001337.SZ,四川黄金
001338.SZ,永顺泰
001339.SZ,智微智能
001356.SZ,富岭股份
001358.SZ,兴欣新材
001359.SZ,平安电工
001360.SZ,南矿集团
001366.SZ,播恩集团
001367.SZ,海森药业
001368.SZ,通达创智
001373.SZ,翔腾新材
001376.SZ,百通能源
001378.SZ,德冠新材
001379.SZ,腾达科技
001380.SZ,华纬科技
001382.SZ,新亚电缆
001387.SZ,雪祺电气
001389.SZ,广合科技
001390.SZ,N古麒
001391.SZ,国货航
001395.SZ,亚联机械
001400.SZ,江顺科技
001696.SZ,宗申动力
001872.SZ,招商港口
001896.SZ,豫能控股
001914.SZ,招商积余
001965.SZ,招商公路
001979.SZ,招商蛇口
002001.SZ,新 和 成
002003.SZ,伟星股份
002004.SZ,华邦健康
002005.SZ,ST德豪
002006.SZ,精工科技
002007.SZ,华兰生物
002008.SZ,大族激光
002009.SZ,天奇股份
002010.SZ,传化智联
002011.SZ,盾安环境
002012.SZ,凯恩股份
002014.SZ,永新股份
002015.SZ,协鑫能科
002016.SZ,世荣兆业
002017.SZ,东信和平
002019.SZ,亿帆医药
002020.SZ,京新药业
002021.SZ,中捷资源
002022.SZ,科华生物
002023.SZ,海特高新
002024.SZ,ST易购
002025.SZ,航天电器
002026.SZ,山东威达
002027.SZ,分众传媒
002028.SZ,思源电气
002029.SZ,七 匹 狼
002030.SZ,达安基因
002031.SZ,巨轮智能
002032.SZ,苏 泊 尔
002033.SZ,丽江股份
002034.SZ,旺能环境
002035.SZ,华帝股份
002036.SZ,联创电子
002037.SZ,保利联合
002038.SZ,双鹭药业
002039.SZ,黔源电力
002040.SZ,南 京 港
002041.SZ,登海种业
002042.SZ,华孚时尚
002043.SZ,兔 宝 宝
002044.SZ,美年健康
002045.SZ,国光电器
002046.SZ,国机精工
002047.SZ,*ST宝鹰
002048.SZ,宁波华翔
002049.SZ,紫光国微
002050.SZ,三花智控
002051.SZ,中工国际
002052.SZ,*ST同洲
002053.SZ,云南能投
002054.SZ,德美化工
002055.SZ,得润电子
002056.SZ,横店东磁
002057.SZ,中钢天源
002058.SZ,*ST威尔
002059.SZ,云南旅游
002060.SZ,广东建工
002061.SZ,浙江交科
002062.SZ,宏润建设
002063.SZ,远光软件
002064.SZ,华峰化学
002065.SZ,东华软件
002066.SZ,瑞泰科技
002067.SZ,景兴纸业
002068.SZ,黑猫股份
002069.SZ,獐子岛
002072.SZ,凯瑞德
002073.SZ,软控股份
002074.SZ,国轩高科
002075.SZ,沙钢股份
002076.SZ,*ST星光
002077.SZ,大港股份
002078.SZ,太阳纸业
002079.SZ,苏州固锝
002080.SZ,中材科技
002081.SZ,金 螳 螂
002082.SZ,万邦德
002083.SZ,孚日股份
002084.SZ,海鸥住工
002085.SZ,万丰奥威
002086.SZ,东方海洋
002088.SZ,鲁阳节能
002090.SZ,金智科技
002091.SZ,江苏国泰
002092.SZ,中泰化学
002093.SZ,国脉科技
002094.SZ,青岛金王
002095.SZ,生 意 宝
002096.SZ,易普力
002097.SZ,山河智能
002098.SZ,浔兴股份
002099.SZ,海翔药业
002100.SZ,天康生物
002101.SZ,广东鸿图
002102.SZ,能特科技
002103.SZ,广博股份
002104.SZ,恒宝股份
002105.SZ,信隆健康
002106.SZ,莱宝高科
002107.SZ,沃华医药
002108.SZ,沧州明珠
002109.SZ,兴化股份
002110.SZ,三钢闽光
002111.SZ,威海广泰
002112.SZ,三变科技
002114.SZ,罗平锌电
002115.SZ,三维通信
002116.SZ,中国海诚
002117.SZ,东港股份
002119.SZ,康强电子
002120.SZ,韵达股份
002121.SZ,科陆电子
002122.SZ,汇洲智能
002123.SZ,梦网科技
002124.SZ,天邦食品
002125.SZ,湘潭电化
002126.SZ,银轮股份
002127.SZ,南极电商
002128.SZ,电投能源
002129.SZ,TCL中环
002130.SZ,沃尔核材
002131.SZ,利欧股份
002132.SZ,恒星科技
002133.SZ,广宇集团
002134.SZ,天津普林
002135.SZ,东南网架
002136.SZ,安 纳 达
002137.SZ,实益达
002138.SZ,顺络电子
002139.SZ,拓邦股份
002140.SZ,东华科技
002141.SZ,*ST贤丰
002142.SZ,宁波银行
002144.SZ,宏达高科
002145.SZ,中核钛白
002146.SZ,荣盛发展
002148.SZ,北纬科技
002149.SZ,西部材料
002150.SZ,通润装备
002151.SZ,北斗星通
002152.SZ,广电运通
002153.SZ,石基信息
002154.SZ,报 喜 鸟
002155.SZ,湖南黄金
002156.SZ,通富微电
002157.SZ,正邦科技
002158.SZ,汉钟精机
002159.SZ,三特索道
002160.SZ,常铝股份
002161.SZ,远 望 谷
002162.SZ,悦心健康
002163.SZ,海南发展
002164.SZ,宁波东力
002165.SZ,红 宝 丽
002166.SZ,莱茵生物
002167.SZ,东方锆业
002168.SZ,*ST惠程
002169.SZ,智光电气
002170.SZ,芭田股份
002171.SZ,楚江新材
002172.SZ,澳洋健康
002173.SZ,创新医疗
002174.SZ,游族网络
002175.SZ,东方智造
002176.SZ,江特电机
002177.SZ,御银股份
002178.SZ,延华智能
002179.SZ,中航光电
002180.SZ,纳思达
002181.SZ,粤 传 媒
002182.SZ,宝武镁业
002183.SZ,怡 亚 通
002184.SZ,海得控制
002185.SZ,华天科技
002186.SZ,全 聚 德
002187.SZ,广百股份
002188.SZ,中天服务
002189.SZ,中光学
002190.SZ,成飞集成
002191.SZ,劲嘉股份
002192.SZ,融捷股份
002193.SZ,如意集团
002194.SZ,武汉凡谷
002195.SZ,岩山科技
002196.SZ,方正电机
002197.SZ,ST证通
002198.SZ,嘉应制药
002199.SZ,*ST东晶
002200.SZ,*ST交投
002201.SZ,九鼎新材
002202.SZ,金风科技
002203.SZ,海亮股份
002204.SZ,大连重工
002205.SZ,国统股份
002206.SZ,海 利 得
002207.SZ,准油股份
002208.SZ,合肥城建
002209.SZ,达 意 隆
002210.SZ,飞马国际
002211.SZ,ST宏达
002212.SZ,天融信
002213.SZ,大为股份
002214.SZ,*ST大立
002215.SZ,诺 普 信
002216.SZ,三全食品
002217.SZ,*ST合泰
002218.SZ,拓日新能
002219.SZ,新里程
002221.SZ,东华能源
002222.SZ,福晶科技
002223.SZ,鱼跃医疗
002224.SZ,三 力 士
002225.SZ,濮耐股份
002226.SZ,江南化工
002227.SZ,奥 特 迅
002228.SZ,合兴包装
002229.SZ,鸿博股份
002230.SZ,科大讯飞
002231.SZ,*ST奥维
002232.SZ,启明信息
002233.SZ,塔牌集团
002234.SZ,民和股份
002235.SZ,安妮股份
002236.SZ,大华股份
002237.SZ,恒邦股份
002238.SZ,天威视讯
002239.SZ,奥特佳
002240.SZ,盛新锂能
002241.SZ,歌尔股份
002242.SZ,九阳股份
002243.SZ,力合科创
002244.SZ,滨江集团
002245.SZ,蔚蓝锂芯
002246.SZ,北化股份
002247.SZ,聚力文化
002248.SZ,华东数控
002249.SZ,大洋电机
002250.SZ,联化科技
002251.SZ,步步高
002252.SZ,上海莱士
002253.SZ,*ST智胜
002254.SZ,泰和新材
002255.SZ,海陆重工
002256.SZ,兆新股份
002258.SZ,利尔化学
002259.SZ,升达林业
002261.SZ,拓维信息
002262.SZ,恩华药业
002263.SZ,大东南
002264.SZ,新 华 都
002265.SZ,建设工业
002266.SZ,浙富控股
002267.SZ,陕天然气
002268.SZ,电科网安
002269.SZ,美邦服饰
002270.SZ,华明装备
002271.SZ,东方雨虹
002272.SZ,川润股份
002273.SZ,水晶光电
002274.SZ,华昌化工
002275.SZ,桂林三金
002276.SZ,万马股份
002277.SZ,友阿股份
002278.SZ,神开股份
002279.SZ,久其软件
002281.SZ,光迅科技
002282.SZ,博深股份
002283.SZ,天润工业
002284.SZ,亚太股份
002285.SZ,世联行
002286.SZ,保龄宝
002287.SZ,奇正藏药
002289.SZ,*ST宇顺
002290.SZ,禾盛新材
002291.SZ,遥望科技
002292.SZ,奥飞娱乐
002293.SZ,罗莱生活
002294.SZ,信立泰
002295.SZ,精艺股份
002296.SZ,辉煌科技
002297.SZ,博云新材
002298.SZ,中电鑫龙
002299.SZ,圣农发展
002300.SZ,太阳电缆
002301.SZ,齐心集团
002302.SZ,西部建设
002303.SZ,美盈森
002304.SZ,洋河股份
002305.SZ,*ST南置
002306.SZ,*ST云网
002307.SZ,北新路桥
002309.SZ,*ST中利
002310.SZ,东方园林
002311.SZ,海大集团
002312.SZ,川发龙蟒
002313.SZ,日海智能
002314.SZ,南山控股
002315.SZ,焦点科技
002316.SZ,ST亚联
002317.SZ,众生药业
002318.SZ,久立特材
002319.SZ,乐通股份
002320.SZ,海峡股份
002321.SZ,华英农业
002322.SZ,理工能科
002323.SZ,雅博股份
002324.SZ,普利特
002326.SZ,永太科技
002327.SZ,富安娜
002328.SZ,新朋股份
002329.SZ,皇氏集团
002330.SZ,得利斯
002331.SZ,皖通科技
002332.SZ,仙琚制药
002333.SZ,罗普斯金
002334.SZ,英威腾
002335.SZ,科华数据
002336.SZ,*ST人乐
002337.SZ,赛象科技
002338.SZ,奥普光电
002339.SZ,积成电子
002340.SZ,格林美
002342.SZ,巨力索具
002343.SZ,慈文传媒
002344.SZ,海宁皮城
002345.SZ,潮宏基
002346.SZ,柘中股份
002347.SZ,泰尔股份
002348.SZ,高乐股份
002349.SZ,精华制药
002350.SZ,北京科锐
002351.SZ,漫步者
002352.SZ,顺丰控股
002353.SZ,杰瑞股份
002354.SZ,天娱数科
002355.SZ,兴民智通
002356.SZ,赫美集团
002357.SZ,富临运业
002358.SZ,森源电气
002360.SZ,同德化工
002361.SZ,神剑股份
002362.SZ,汉王科技
002363.SZ,隆基机械
002364.SZ,中恒电气
002365.SZ,永安药业
002366.SZ,融发核电
002367.SZ,康力电梯
002368.SZ,太极股份
002369.SZ,卓翼科技
002370.SZ,亚太药业
002371.SZ,北方华创
002372.SZ,伟星新材
002373.SZ,千方科技
002374.SZ,中锐股份
002375.SZ,亚厦股份
002376.SZ,新北洋
002377.SZ,国创高新
002378.SZ,章源钨业
002379.SZ,宏创控股
002380.SZ,科远智慧
002381.SZ,双箭股份
002382.SZ,蓝帆医疗
002383.SZ,合众思壮
002384.SZ,东山精密
002385.SZ,大北农
002386.SZ,天原股份
002387.SZ,维信诺
002388.SZ,ST新亚
002389.SZ,航天彩虹
002390.SZ,信邦制药
002391.SZ,长青股份
002392.SZ,北京利尔
002393.SZ,力生制药
002394.SZ,联发股份
002395.SZ,双象股份
002396.SZ,星网锐捷
002397.SZ,梦洁股份
002398.SZ,垒知集团
002399.SZ,海普瑞
002400.SZ,省广集团
002401.SZ,中远海科
002402.SZ,和而泰
002403.SZ,爱仕达
002404.SZ,嘉欣丝绸
002405.SZ,四维图新
002406.SZ,远东传动
002407.SZ,多氟多
002408.SZ,齐翔腾达
002409.SZ,雅克科技
002410.SZ,广联达
002412.SZ,汉森制药
002413.SZ,雷科防务
002414.SZ,高德红外
002415.SZ,海康威视
002416.SZ,爱施德
002418.SZ,康盛股份
002419.SZ,天虹股份
002420.SZ,毅昌科技
002421.SZ,达实智能
002422.SZ,科伦药业
002423.SZ,中粮资本
002424.SZ,ST百灵
002425.SZ,ST凯文
002426.SZ,胜利精密
002427.SZ,尤夫股份
002428.SZ,云南锗业
002429.SZ,兆驰股份
002430.SZ,杭氧股份
002431.SZ,棕榈股份
002432.SZ,九安医疗
002434.SZ,万里扬
002436.SZ,兴森科技
002437.SZ,誉衡药业
002438.SZ,江苏神通
002439.SZ,启明星辰
002440.SZ,闰土股份
002441.SZ,众业达
002442.SZ,龙星科技
002443.SZ,金洲管道
002444.SZ,巨星科技
002445.SZ,中南文化
002446.SZ,盛路通信
002448.SZ,中原内配
002449.SZ,国星光电
002451.SZ,摩恩电气
002452.SZ,长高电新
002453.SZ,华软科技
002454.SZ,松芝股份
002455.SZ,百川股份
002456.SZ,欧菲光
002457.SZ,青龙管业
002458.SZ,益生股份
002459.SZ,晶澳科技
002460.SZ,赣锋锂业
002461.SZ,珠江啤酒
002462.SZ,嘉事堂
002463.SZ,沪电股份
002465.SZ,海格通信
002466.SZ,天齐锂业
002467.SZ,二六三
002468.SZ,申通快递
002469.SZ,三维化学
002470.SZ,金正大
002471.SZ,中超控股
002472.SZ,双环传动
002474.SZ,榕基软件
002475.SZ,立讯精密
002476.SZ,宝莫股份
002478.SZ,常宝股份
002479.SZ,富春环保
002480.SZ,新筑股份
002481.SZ,双塔食品
002482.SZ,广田集团
002483.SZ,润邦股份
002484.SZ,江海股份
002485.SZ,ST雪发
002486.SZ,嘉麟杰
002487.SZ,大金重工
002488.SZ,金固股份
002489.SZ,浙江永强
002490.SZ,山东墨龙
002491.SZ,通鼎互联
002492.SZ,恒基达鑫
002493.SZ,荣盛石化
002494.SZ,华斯股份
002495.SZ,佳隆股份
002496.SZ,*ST辉丰
002497.SZ,雅化集团
002498.SZ,汉缆股份
002500.SZ,山西证券
002501.SZ,利源股份
002506.SZ,协鑫集成
002507.SZ,涪陵榨菜
002508.SZ,老板电器
002510.SZ,天汽模
002511.SZ,中顺洁柔
002512.SZ,达华智能
002513.SZ,蓝丰生化
002514.SZ,宝馨科技
002515.SZ,金字火腿
002516.SZ,旷达科技
002517.SZ,恺英网络
002518.SZ,科士达
002519.SZ,银河电子
002520.SZ,日发精机
002521.SZ,齐峰新材
002522.SZ,浙江众成
002523.SZ,天桥起重
002524.SZ,光正眼科
002526.SZ,山东矿机
002527.SZ,新时达
002528.SZ,ST英飞拓
002529.SZ,*ST海源
002530.SZ,金财互联
002531.SZ,天顺风能
002532.SZ,天山铝业
002533.SZ,金杯电工
002534.SZ,西子洁能
002535.SZ,林州重机
002536.SZ,飞龙股份
002537.SZ,海联金汇
002538.SZ,司尔特
002539.SZ,云图控股
002540.SZ,亚太科技
002541.SZ,鸿路钢构
002542.SZ,中化岩土
002543.SZ,万和电气
002544.SZ,普天科技
002545.SZ,东方铁塔
002546.SZ,新联电子
002547.SZ,春兴精工
002548.SZ,金新农
002549.SZ,凯美特气
002550.SZ,千红制药
002551.SZ,尚荣医疗
002552.SZ,宝鼎科技
002553.SZ,南方精工
002554.SZ,惠博普
002555.SZ,三七互娱
002556.SZ,辉隆股份
002557.SZ,洽洽食品
002558.SZ,巨人网络
002559.SZ,亚威股份
002560.SZ,通达股份
002561.SZ,徐家汇
002562.SZ,兄弟科技
002563.SZ,森马服饰
002564.SZ,天沃科技
002565.SZ,顺灏股份
002566.SZ,益盛药业
002567.SZ,唐人神
002568.SZ,百润股份
002569.SZ,*ST步森
002570.SZ,贝因美
002571.SZ,德力股份
002572.SZ,索菲亚
002573.SZ,清新环境
002574.SZ,明牌珠宝
002575.SZ,群兴玩具
002576.SZ,通达动力
002577.SZ,雷柏科技
002578.SZ,闽发铝业
002579.SZ,中京电子
002580.SZ,圣阳股份
002581.SZ,未名医药
002582.SZ,好想你
002583.SZ,海能达
002584.SZ,西陇科学
002585.SZ,双星新材
002586.SZ,*ST围海
002587.SZ,奥拓电子
002588.SZ,史丹利
002589.SZ,瑞康医药
002590.SZ,万安科技
002591.SZ,恒大高新
002592.SZ,ST八菱
002593.SZ,日上集团
002594.SZ,比亚迪
002595.SZ,豪迈科技
002596.SZ,海南瑞泽
002597.SZ,金禾实业
002598.SZ,山东章鼓
002599.SZ,盛通股份
002600.SZ,领益智造
002601.SZ,龙佰集团
002602.SZ,ST华通
002603.SZ,以岭药业
002605.SZ,姚记科技
002606.SZ,大连电瓷
002607.SZ,中公教育
002608.SZ,江苏国信
002609.SZ,捷顺科技
002611.SZ,东方精工
002612.SZ,朗姿股份
002613.SZ,北玻股份
002614.SZ,奥佳华
002615.SZ,哈尔斯
002616.SZ,长青集团
002617.SZ,露笑科技
002620.SZ,ST瑞和
002622.SZ,皓宸医疗
002623.SZ,亚玛顿
002624.SZ,完美世界
002625.SZ,光启技术
002626.SZ,金达威
002627.SZ,三峡旅游
002628.SZ,成都路桥
002629.SZ,仁智股份
002630.SZ,ST华西
002631.SZ,德尔未来
002632.SZ,道明光学
002633.SZ,申科股份
002634.SZ,棒杰股份
002635.SZ,安洁科技
002636.SZ,金安国纪
002637.SZ,赞宇科技
002638.SZ,勤上股份
002639.SZ,雪人股份
002640.SZ,跨境通
002641.SZ,公元股份
002642.SZ,荣联科技
002643.SZ,万润股份
002644.SZ,佛慈制药
002645.SZ,华宏科技
002646.SZ,天佑德酒
002647.SZ,*ST仁东
002648.SZ,卫星化学
002649.SZ,博彦科技
002650.SZ,ST加加
002651.SZ,利君股份
002652.SZ,扬子新材
002653.SZ,海思科
002654.SZ,万润科技
002655.SZ,共达电声
002656.SZ,*ST摩登
002657.SZ,中科金财
002658.SZ,雪迪龙
002659.SZ,凯文教育
002660.SZ,茂硕电源
002661.SZ,克明食品
002662.SZ,峰璟股份
002663.SZ,普邦股份
002664.SZ,信质集团
002666.SZ,德联集团
002667.SZ,威领股份
002668.SZ,TCL智家
002669.SZ,康达新材
002670.SZ,国盛金控
002671.SZ,龙泉股份
002672.SZ,东江环保
002673.SZ,西部证券
002674.SZ,兴业科技
002675.SZ,东诚药业
002676.SZ,顺威股份
002677.SZ,浙江美大
002678.SZ,珠江钢琴
002679.SZ,福建金森
002681.SZ,奋达科技
002682.SZ,龙洲股份
002683.SZ,广东宏大
002685.SZ,华东重机
002686.SZ,亿利达
002687.SZ,乔治白
002688.SZ,金河生物
002689.SZ,远大智能
002690.SZ,美亚光电
002691.SZ,冀凯股份
002692.SZ,远程股份
002693.SZ,*ST双成
002694.SZ,顾地科技
002695.SZ,煌上煌
002696.SZ,百洋股份
002697.SZ,红旗连锁
002698.SZ,博实股份
002700.SZ,新疆浩源
002701.SZ,奥瑞金
002702.SZ,海欣食品
002703.SZ,浙江世宝
002705.SZ,新宝股份
002706.SZ,良信股份
002707.SZ,众信旅游
002708.SZ,光洋股份
002709.SZ,天赐材料
002712.SZ,思美传媒
002713.SZ,*ST东易
002714.SZ,牧原股份
002715.SZ,登云股份
002716.SZ,湖南白银
002717.SZ,ST岭南
002718.SZ,友邦吊顶
002719.SZ,麦趣尔
002721.SZ,ST金一
002722.SZ,物产金轮
002723.SZ,小崧股份
002724.SZ,海洋王
002725.SZ,跃岭股份
002726.SZ,龙大美食
002727.SZ,一心堂
002728.SZ,特一药业
002729.SZ,好利科技
002730.SZ,电光科技
002731.SZ,萃华珠宝
002732.SZ,燕塘乳业
002733.SZ,雄韬股份
002734.SZ,利民股份
002735.SZ,王子新材
002736.SZ,国信证券
002737.SZ,葵花药业
002738.SZ,中矿资源
002739.SZ,万达电影
002741.SZ,光华科技
002742.SZ,*ST三圣
002743.SZ,富煌钢构
002745.SZ,木林森
002746.SZ,仙坛股份
002747.SZ,埃斯顿
002748.SZ,世龙实业
002749.SZ,国光股份
002750.SZ,*ST龙津
002752.SZ,昇兴股份
002753.SZ,永东股份
002755.SZ,奥赛康
002756.SZ,永兴材料
002757.SZ,南兴股份
002758.SZ,浙农股份
002759.SZ,天际股份
002760.SZ,凤形股份
002761.SZ,浙江建投
002762.SZ,*ST金比
002763.SZ,汇洁股份
002765.SZ,蓝黛科技
002766.SZ,索菱股份
002767.SZ,先锋电子
002768.SZ,国恩股份
002769.SZ,普路通
002771.SZ,真视通
002772.SZ,众兴菌业
002773.SZ,康弘药业
002774.SZ,快意电梯
002775.SZ,文科股份
002777.SZ,久远银海
002778.SZ,中晟高科
002779.SZ,中坚科技
002780.SZ,三夫户外
002782.SZ,可立克
002783.SZ,凯龙股份
002785.SZ,万里石
002786.SZ,银宝山新
002787.SZ,华源控股
002788.SZ,鹭燕医药
002789.SZ,*ST建艺
002790.SZ,瑞尔特
002791.SZ,坚朗五金
002792.SZ,通宇通讯
002793.SZ,罗欣药业
002795.SZ,永和智控
002796.SZ,世嘉科技
002797.SZ,第一创业
002798.SZ,帝欧家居
002799.SZ,环球印务
002800.SZ,天顺股份
002801.SZ,微光股份
002802.SZ,洪汇新材
002803.SZ,吉宏股份
002805.SZ,丰元股份
002806.SZ,华锋股份
002807.SZ,江阴银行
002808.SZ,*ST恒久
002809.SZ,红墙股份
002810.SZ,山东赫达
002811.SZ,郑中设计
002812.SZ,恩捷股份
002813.SZ,路畅科技
002815.SZ,崇达技术
002816.SZ,*ST和科
002817.SZ,黄山胶囊
002818.SZ,富森美
002819.SZ,东方中科
002820.SZ,桂发祥
002821.SZ,凯莱英
002822.SZ,ST中装
002823.SZ,凯中精密
002824.SZ,和胜股份
002825.SZ,纳尔股份
002826.SZ,易明医药
002827.SZ,高争民爆
002828.SZ,贝肯能源
002829.SZ,星网宇达
002830.SZ,名雕股份
002831.SZ,裕同科技
002832.SZ,比音勒芬
002833.SZ,弘亚数控
002835.SZ,同为股份
002836.SZ,新宏泽
002837.SZ,英维克
002838.SZ,道恩股份
002839.SZ,张家港行
002840.SZ,华统股份
002841.SZ,视源股份
002842.SZ,翔鹭钨业
002843.SZ,泰嘉股份
002845.SZ,同兴达
002846.SZ,英联股份
002847.SZ,盐津铺子
002848.SZ,*ST高斯
002849.SZ,威星智能
002850.SZ,科达利
002851.SZ,麦格米特
002852.SZ,道道全
002853.SZ,皮阿诺
002855.SZ,捷荣技术
002856.SZ,美芝股份
002857.SZ,三晖电气
002858.SZ,力盛体育
002859.SZ,洁美科技
002860.SZ,星帅尔
002861.SZ,瀛通通讯
002862.SZ,实丰文化
002863.SZ,今飞凯达
002864.SZ,盘龙药业
002865.SZ,钧达股份
002866.SZ,传艺科技
002867.SZ,周大生
002868.SZ,*ST绿康
002869.SZ,金溢科技
002870.SZ,香山股份
002871.SZ,伟隆股份
002872.SZ,ST天圣
002873.SZ,新天药业
002875.SZ,安奈儿
002876.SZ,三利谱
002877.SZ,智能自控
002878.SZ,元隆雅图
002879.SZ,长缆科技
002880.SZ,卫光生物
002881.SZ,美格智能
002882.SZ,金龙羽
002883.SZ,中设股份
002884.SZ,凌霄泵业
002885.SZ,京泉华
002886.SZ,沃特股份
002887.SZ,绿茵生态
002888.SZ,惠威科技
002889.SZ,东方嘉盛
002890.SZ,弘宇股份
002891.SZ,中宠股份
002892.SZ,科力尔
002893.SZ,京能热力
002895.SZ,川恒股份
002896.SZ,中大力德
002897.SZ,意华股份
002898.SZ,*ST赛隆
002899.SZ,英派斯
002900.SZ,哈三联
002901.SZ,大博医疗
002902.SZ,铭普光磁
002903.SZ,宇环数控
002905.SZ,金逸影视
002906.SZ,华阳集团
002907.SZ,华森制药
002908.SZ,德生科技
002909.SZ,集泰股份
002910.SZ,庄园牧场
002911.SZ,佛燃能源
002912.SZ,中新赛克
002913.SZ,奥士康
002915.SZ,中欣氟材
002916.SZ,深南电路
002917.SZ,金奥博
002918.SZ,蒙娜丽莎
002919.SZ,名臣健康
002920.SZ,德赛西威
002921.SZ,联诚精密
002922.SZ,伊戈尔
002923.SZ,润都股份
002925.SZ,盈趣科技
002926.SZ,华西证券
002927.SZ,泰永长征
002928.SZ,华夏航空
002929.SZ,润建股份
002930.SZ,宏川智慧
002931.SZ,锋龙股份
002932.SZ,明德生物
002933.SZ,新兴装备
002935.SZ,天奥电子
002936.SZ,郑州银行
002937.SZ,兴瑞科技
002938.SZ,鹏鼎控股
002939.SZ,长城证券
002940.SZ,昂利康
002941.SZ,新疆交建
002942.SZ,新农股份
002943.SZ,宇晶股份
002945.SZ,华林证券
002946.SZ,新乳业
002947.SZ,恒铭达
002948.SZ,青岛银行
002949.SZ,华阳国际
002950.SZ,奥美医疗
002951.SZ,金时科技
002952.SZ,亚世光电
002953.SZ,日丰股份
002955.SZ,鸿合科技
002956.SZ,西麦食品
002957.SZ,科瑞技术
002958.SZ,青农商行
002959.SZ,小熊电器
002960.SZ,青鸟消防
002961.SZ,瑞达期货
002962.SZ,五方光电
002963.SZ,豪尔赛
002965.SZ,祥鑫科技
002966.SZ,苏州银行
002967.SZ,广电计量
002968.SZ,新大正
002969.SZ,嘉美包装
002970.SZ,锐明技术
002971.SZ,和远气体
002972.SZ,科安达
002973.SZ,侨银股份
002975.SZ,博杰股份
002976.SZ,瑞玛精密
002977.SZ,天箭科技
002978.SZ,安宁股份
002979.SZ,雷赛智能
002980.SZ,华盛昌
002981.SZ,朝阳科技
002982.SZ,湘佳股份
002983.SZ,芯瑞达
002984.SZ,森麒麟
002985.SZ,北摩高科
002986.SZ,宇新股份
002987.SZ,京北方
002988.SZ,豪美新材
002989.SZ,中天精装
002990.SZ,盛视科技
002991.SZ,甘源食品
002992.SZ,宝明科技
002993.SZ,奥海科技
002995.SZ,天地在线
002996.SZ,顺博合金
002997.SZ,瑞鹄模具
002998.SZ,优彩资源
002999.SZ,天禾股份
003000.SZ,劲仔食品
003001.SZ,中岩大地
003002.SZ,壶化股份
003003.SZ,天元股份
003004.SZ,*ST声迅
003005.SZ,竞业达
003006.SZ,百亚股份
003007.SZ,直真科技
003008.SZ,开普检测
003009.SZ,中天火箭
003010.SZ,若羽臣
003011.SZ,海象新材
003012.SZ,东鹏控股
003013.SZ,地铁设计
003015.SZ,日久光电
003016.SZ,欣贺股份
003017.SZ,大洋生物
003018.SZ,金富科技
003019.SZ,宸展光电
003020.SZ,立方制药
003021.SZ,兆威机电
003022.SZ,联泓新科
003023.SZ,彩虹集团
003025.SZ,思进智能
003026.SZ,中晶科技
003027.SZ,同兴科技
003028.SZ,振邦智能
003029.SZ,吉大正元
003030.SZ,祖名股份
003031.SZ,中瓷电子
003032.SZ,*ST传智
003033.SZ,征和工业
003035.SZ,南网能源
003036.SZ,泰坦股份
003037.SZ,三和管桩
003038.SZ,鑫铂股份
003039.SZ,顺控发展
003040.SZ,楚天龙
003041.SZ,真爱美家
003042.SZ,中农联合
003043.SZ,华亚智能
003816.SZ,中国广核
300001.SZ,特锐德
300002.SZ,神州泰岳
300003.SZ,乐普医疗
300004.SZ,南风股份
300005.SZ,探路者
300006.SZ,莱美药业
300007.SZ,汉威科技
300008.SZ,天海防务
300009.SZ,安科生物
300010.SZ,豆神教育
300011.SZ,鼎汉技术
300012.SZ,华测检测
300013.SZ,新宁物流
300014.SZ,亿纬锂能
300015.SZ,爱尔眼科
300016.SZ,北陆药业
300017.SZ,网宿科技
300018.SZ,中元股份
300019.SZ,硅宝科技
300020.SZ,ST银江
300021.SZ,大禹节水
300022.SZ,吉峰科技
300024.SZ,机器人
300025.SZ,华星创业
300026.SZ,红日药业
300027.SZ,华谊兄弟
300029.SZ,*ST天龙
300030.SZ,阳普医疗
300031.SZ,宝通科技
300032.SZ,金龙机电
300033.SZ,同花顺
300034.SZ,钢研高纳
300035.SZ,中科电气
300036.SZ,超图软件
300037.SZ,新宙邦
300039.SZ,上海凯宝
300040.SZ,九洲集团
300041.SZ,回天新材
300042.SZ,朗科科技
300043.SZ,星辉娱乐
300044.SZ,ST赛为
300045.SZ,华力创通
300046.SZ,台基股份
300047.SZ,天源迪科
300048.SZ,合康新能
300049.SZ,福瑞股份
300050.SZ,世纪鼎利
300051.SZ,琏升科技
300052.SZ,ST中青宝
300053.SZ,航宇微
300054.SZ,鼎龙股份
300055.SZ,万邦达
300056.SZ,中创环保
300057.SZ,万顺新材
300058.SZ,蓝色光标
300059.SZ,东方财富
300061.SZ,旗天科技
300062.SZ,中能电气
300063.SZ,天龙集团
300065.SZ,海兰信
300066.SZ,三川智慧
300067.SZ,安诺其
300068.SZ,南都电源
300069.SZ,金利华电
300070.SZ,碧水源
300071.SZ,福石控股
300072.SZ,海新能科
300073.SZ,当升科技
300074.SZ,华平股份
300075.SZ,数字政通
300076.SZ,GQY视讯
300077.SZ,国民技术
300078.SZ,思创医惠
300079.SZ,数码视讯
300080.SZ,易成新能
300081.SZ,恒信东方
300082.SZ,奥克股份
300083.SZ,创世纪
300084.SZ,海默科技
300085.SZ,银之杰
300086.SZ,康芝药业
300087.SZ,荃银高科
300088.SZ,长信科技
300091.SZ,金通灵
300092.SZ,科新机电
300093.SZ,*ST金刚
300094.SZ,国联水产
300095.SZ,华伍股份
300096.SZ,ST易联众
300097.SZ,ST智云
300098.SZ,高新兴
300099.SZ,尤洛卡
300100.SZ,双林股份
300101.SZ,振芯科技
300102.SZ,乾照光电
300103.SZ,达刚控股
300105.SZ,龙源技术
300106.SZ,西部牧业
300107.SZ,建新股份
300109.SZ,新开源
300110.SZ,华仁药业
300111.SZ,向日葵
300112.SZ,万讯自控
300113.SZ,顺网科技
300115.SZ,长盈精密
300118.SZ,东方日升
300119.SZ,瑞普生物
300120.SZ,经纬辉开
300121.SZ,阳谷华泰
300122.SZ,智飞生物
300123.SZ,亚光科技
300124.SZ,汇川技术
300125.SZ,*ST聆达
300126.SZ,锐奇股份
300127.SZ,银河磁体
300128.SZ,锦富技术
300129.SZ,泰胜风能
300130.SZ,新国都
300131.SZ,英唐智控
300132.SZ,青松股份
300133.SZ,华策影视
300134.SZ,大富科技
300135.SZ,宝利国际
300136.SZ,信维通信
300137.SZ,ST先河
300138.SZ,晨光生物
300139.SZ,晓程科技
300140.SZ,节能环境
300141.SZ,和顺电气
300142.SZ,沃森生物
300143.SZ,盈康生命
300144.SZ,宋城演艺
300145.SZ,南方泵业
300146.SZ,汤臣倍健
300147.SZ,ST香雪
300148.SZ,天舟文化
300149.SZ,睿智医药
300150.SZ,世纪瑞尔
300151.SZ,昌红科技
300152.SZ,ST新动力
300153.SZ,科泰电源
300154.SZ,瑞凌股份
300155.SZ,安居宝
300157.SZ,新锦动力
300158.SZ,振东制药
300159.SZ,*ST新研
300160.SZ,秀强股份
300161.SZ,华中数控
300162.SZ,雷曼光电
300163.SZ,ST先锋
300164.SZ,通源石油
300165.SZ,ST天瑞
300166.SZ,东方国信
300167.SZ,*ST迪威
300168.SZ,万达信息
300169.SZ,天晟新材
300170.SZ,汉得信息
300171.SZ,东富龙
300172.SZ,中电环保
300173.SZ,福能东方
300174.SZ,元力股份
300175.SZ,ST朗源
300176.SZ,鸿特科技
300177.SZ,中海达
300179.SZ,四方达
300180.SZ,华峰超纤
300181.SZ,佐力药业
300182.SZ,捷成股份
300183.SZ,东软载波
300184.SZ,力源信息
300185.SZ,通裕重工
300187.SZ,永清环保
300188.SZ,国投智能
300189.SZ,神农种业
300190.SZ,维尔利
300191.SZ,潜能恒信
300192.SZ,科德教育
300193.SZ,佳士科技
300194.SZ,福安药业
300195.SZ,长荣股份
300196.SZ,长海股份
300197.SZ,节能铁汉
300198.SZ,ST纳川
300199.SZ,翰宇药业
300200.SZ,高盟新材
300201.SZ,海伦哲
300203.SZ,聚光科技
300204.SZ,舒泰神
300205.SZ,*ST天喻
300206.SZ,理邦仪器
300207.SZ,欣旺达
300208.SZ,*ST中程
300209.SZ,有棵树
300210.SZ,森远股份
300211.SZ,*ST亿通
300212.SZ,易华录
300213.SZ,佳讯飞鸿
300214.SZ,日科化学
300215.SZ,电科院
300217.SZ,东方电热
300218.SZ,安利股份
300219.SZ,鸿利智汇
300220.SZ,金运激光
300221.SZ,银禧科技
300222.SZ,科大智能
300223.SZ,北京君正
300224.SZ,正海磁材
300225.SZ,金力泰
300226.SZ,上海钢联
300227.SZ,光韵达
300228.SZ,富瑞特装
300229.SZ,拓尔思
300230.SZ,永利股份
300231.SZ,银信科技
300232.SZ,洲明科技
300233.SZ,金城医药
300234.SZ,开尔新材
300235.SZ,方直科技
300236.SZ,上海新阳
300237.SZ,美晨科技
300238.SZ,冠昊生物
300239.SZ,东宝生物
300240.SZ,飞力达
300241.SZ,瑞丰光电
300242.SZ,佳云科技
300243.SZ,瑞丰高材
300244.SZ,迪安诊断
300245.SZ,天玑科技
300246.SZ,宝莱特
300247.SZ,融捷健康
300248.SZ,新开普
300249.SZ,依米康
300250.SZ,初灵信息
300251.SZ,光线传媒
300252.SZ,金信诺
300253.SZ,卫宁健康
300254.SZ,仟源医药
300255.SZ,常山药业
300256.SZ,星星科技
300257.SZ,开山股份
300258.SZ,精锻科技
300259.SZ,新天科技
300260.SZ,新莱应材
300261.SZ,雅本化学
300263.SZ,隆华科技
300264.SZ,佳创视讯
300265.SZ,通光线缆
300266.SZ,兴源环境
300267.SZ,尔康制药
300268.SZ,*ST佳沃
300269.SZ,联建光电
300270.SZ,中威电子
300271.SZ,华宇软件
300272.SZ,开能健康
300274.SZ,阳光电源
300275.SZ,梅安森
300276.SZ,三丰智能
300277.SZ,海联讯
300278.SZ,华昌达
300279.SZ,和晶科技
300280.SZ,*ST紫天
300281.SZ,金明精机
300283.SZ,温州宏丰
300284.SZ,苏交科
300285.SZ,国瓷材料
300286.SZ,安科瑞
300287.SZ,飞利信
300288.SZ,朗玛信息
300289.SZ,利德曼
300290.SZ,荣科科技
300291.SZ,百纳千成
300292.SZ,吴通控股
300293.SZ,蓝英装备
300294.SZ,博雅生物
300295.SZ,三六五网
300296.SZ,利亚德
300298.SZ,三诺生物
300299.SZ,富春股份
300300.SZ,ST峡创
300301.SZ,*ST长方
300302.SZ,同有科技
300303.SZ,聚飞光电
300304.SZ,云意电气
300305.SZ,裕兴股份
300306.SZ,远方信息
300307.SZ,慈星股份
300308.SZ,中际旭创
300310.SZ,宜通世纪
300311.SZ,任子行
300313.SZ,*ST天山
300314.SZ,戴维医疗
300315.SZ,掌趣科技
300316.SZ,晶盛机电
300317.SZ,珈伟新能
300318.SZ,博晖创新
300319.SZ,麦捷科技
300320.SZ,海达股份
300321.SZ,同大股份
300322.SZ,硕贝德
300323.SZ,华灿光电
300324.SZ,旋极信息
300326.SZ,ST凯利
300327.SZ,中颖电子
300328.SZ,宜安科技
300329.SZ,海伦钢琴
300331.SZ,苏大维格
300332.SZ,天壕能源
300333.SZ,兆日科技
300334.SZ,津膜科技
300335.SZ,迪森股份
300337.SZ,银邦股份
300338.SZ,*ST开元
300339.SZ,润和软件
300340.SZ,科恒股份
300341.SZ,麦克奥迪
300342.SZ,天银机电
300343.SZ,ST联创
300344.SZ,ST立方
300345.SZ,华民股份
300346.SZ,南大光电
300347.SZ,泰格医药
300348.SZ,长亮科技
300349.SZ,金卡智能
300350.SZ,华鹏飞
300351.SZ,永贵电器
300352.SZ,北信源
300353.SZ,东土科技
300354.SZ,东华测试
300355.SZ,蒙草生态
300357.SZ,我武生物
300358.SZ,楚天科技
300359.SZ,全通教育
300360.SZ,炬华科技
300363.SZ,博腾股份
300364.SZ,中文在线
300365.SZ,恒华科技
300366.SZ,创意信息
300368.SZ,汇金股份
300369.SZ,绿盟科技
300370.SZ,安控科技
300371.SZ,汇中股份
300373.SZ,扬杰科技
300374.SZ,中铁装配
300375.SZ,鹏翎股份
300376.SZ,ST易事特
300377.SZ,赢时胜
300378.SZ,鼎捷数智
300379.SZ,*ST东通
300380.SZ,安硕信息
300381.SZ,溢多利
300382.SZ,斯莱克
300383.SZ,光环新网
300384.SZ,三联虹普
300385.SZ,雪浪环境
300386.SZ,飞天诚信
300387.SZ,富邦科技
300388.SZ,节能国祯
300389.SZ,艾比森
300390.SZ,天华新能
300391.SZ,*ST长药
300393.SZ,中来股份
300394.SZ,天孚通信
300395.SZ,菲利华
300396.SZ,迪瑞医疗
300397.SZ,天和防务
300398.SZ,飞凯材料
300399.SZ,天利科技
300400.SZ,劲拓股份
300401.SZ,花园生物
300402.SZ,宝色股份
300403.SZ,汉宇集团
300404.SZ,博济医药
300405.SZ,科隆股份
300406.SZ,九强生物
300407.SZ,凯发电气
300408.SZ,三环集团
300409.SZ,道氏技术
300410.SZ,正业科技
300411.SZ,金盾股份
300412.SZ,迦南科技
300413.SZ,芒果超媒
300414.SZ,中光防雷
300415.SZ,伊之密
300416.SZ,苏试试验
300417.SZ,南华仪器
300418.SZ,昆仑万维
300419.SZ,ST浩丰
300420.SZ,五洋自控
300421.SZ,力星股份
300422.SZ,博世科
300423.SZ,昇辉科技
300424.SZ,航新科技
300425.SZ,中建环能
300426.SZ,华智数媒
300427.SZ,红相股份
300428.SZ,立中集团
300429.SZ,强力新材
300430.SZ,诚益通
300432.SZ,富临精工
300433.SZ,蓝思科技
300434.SZ,金石亚药
300435.SZ,中泰股份
300436.SZ,广生堂
300437.SZ,清水源
300438.SZ,鹏辉能源
300439.SZ,美康生物
300440.SZ,运达科技
300441.SZ,鲍斯股份
300442.SZ,润泽科技
300443.SZ,金雷股份
300444.SZ,双杰电气
300445.SZ,康斯特
300446.SZ,航天智造
300447.SZ,全信股份
300448.SZ,浩云科技
300449.SZ,汉邦高科
300450.SZ,先导智能
300451.SZ,创业慧康
300452.SZ,山河药辅
300453.SZ,三鑫医疗
300454.SZ,深信服
300455.SZ,航天智装
300456.SZ,赛微电子
300457.SZ,赢合科技
300458.SZ,全志科技
300459.SZ,汤姆猫
300460.SZ,惠伦晶体
300461.SZ,田中精机
300462.SZ,华铭智能
300463.SZ,迈克生物
300464.SZ,星徽股份
300465.SZ,高伟达
300466.SZ,赛摩智能
300467.SZ,迅游科技
300468.SZ,四方精创
300469.SZ,信息发展
300470.SZ,中密控股
300471.SZ,厚普股份
300472.SZ,*ST新元
300473.SZ,德尔股份
300474.SZ,景嘉微
300475.SZ,香农芯创
300476.SZ,胜宏科技
300477.SZ,ST合纵
300478.SZ,杭州高新
300479.SZ,神思电子
300480.SZ,光力科技
300481.SZ,濮阳惠成
300482.SZ,万孚生物
300483.SZ,首华燃气
300484.SZ,蓝海华腾
300485.SZ,赛升药业
300486.SZ,东杰智能
300487.SZ,蓝晓科技
300488.SZ,恒锋工具
300489.SZ,光智科技
300490.SZ,华自科技
300491.SZ,通合科技
300492.SZ,华图山鼎
300493.SZ,润欣科技
300494.SZ,盛天网络
300496.SZ,中科创达
300497.SZ,富祥药业
300498.SZ,温氏股份
300499.SZ,高澜股份
300500.SZ,启迪设计
300501.SZ,海顺新材
300502.SZ,新易盛
300503.SZ,昊志机电
300504.SZ,天邑股份
300505.SZ,川金诺
300506.SZ,ST名家汇
300507.SZ,苏奥传感
300508.SZ,维宏股份
300509.SZ,新美星
300510.SZ,金冠股份
300511.SZ,雪榕生物
300512.SZ,中亚股份
300513.SZ,恒实科技
300514.SZ,友讯达
300515.SZ,三德科技
300516.SZ,久之洋
300517.SZ,海波重科
300518.SZ,新迅达
300519.SZ,新光药业
300520.SZ,科大国创
300521.SZ,爱司凯
300522.SZ,世名科技
300523.SZ,辰安科技
300525.SZ,博思软件
300527.SZ,中船应急
300528.SZ,幸福蓝海
300529.SZ,健帆生物
300530.SZ,领湃科技
300531.SZ,优博讯
300532.SZ,今天国际
300533.SZ,冰川网络
300534.SZ,陇神戎发
300535.SZ,达威股份
300536.SZ,农尚环境
300537.SZ,广信材料
300538.SZ,同益股份
300539.SZ,横河精密
300540.SZ,蜀道装备
300541.SZ,先进数通
300542.SZ,新晨科技
300543.SZ,朗科智能
300545.SZ,联得装备
300546.SZ,雄帝科技
300547.SZ,川环科技
300548.SZ,博创科技
300549.SZ,优德精密
300550.SZ,和仁科技
300551.SZ,古鳌科技
300552.SZ,万集科技
300553.SZ,集智股份
300554.SZ,三超新材
300555.SZ,ST路通
300556.SZ,丝路视觉
300557.SZ,理工光科
300558.SZ,贝达药业
300559.SZ,佳发教育
300560.SZ,中富通
300561.SZ,*ST汇科
300562.SZ,乐心医疗
300563.SZ,神宇股份
300564.SZ,筑博设计
300565.SZ,科信技术
300566.SZ,激智科技
300567.SZ,精测电子
300568.SZ,星源材质
300569.SZ,天能重工
300570.SZ,太辰光
300571.SZ,平治信息
300572.SZ,安车检测
300573.SZ,兴齐眼药
300575.SZ,中旗股份
300576.SZ,容大感光
300577.SZ,开润股份
300578.SZ,会畅通讯
300579.SZ,数字认证
300580.SZ,贝斯特
300581.SZ,晨曦航空
300582.SZ,英飞特
300583.SZ,赛托生物
300584.SZ,海辰药业
300585.SZ,奥联电子
300586.SZ,美联新材
300587.SZ,天铁科技
300588.SZ,熙菱信息
300589.SZ,江龙船艇
300590.SZ,移为通信
300591.SZ,万里马
300592.SZ,华凯易佰
300593.SZ,新雷能
300594.SZ,朗进科技
300595.SZ,欧普康视
300596.SZ,利安隆
300597.SZ,吉大通信
300598.SZ,诚迈科技
300599.SZ,雄塑科技
300600.SZ,ST瑞科
300601.SZ,康泰生物
300602.SZ,飞荣达
300603.SZ,立昂技术
300604.SZ,长川科技
300605.SZ,恒锋信息
300606.SZ,金太阳
300607.SZ,拓斯达
300608.SZ,思特奇
300609.SZ,汇纳科技
300610.SZ,晨化股份
300611.SZ,美力科技
300612.SZ,宣亚国际
300613.SZ,富瀚微
300614.SZ,百川畅银
300615.SZ,欣天科技
300616.SZ,尚品宅配
300617.SZ,安靠智电
300618.SZ,寒锐钴业
300619.SZ,金银河
300620.SZ,光库科技
300621.SZ,维业股份
300622.SZ,博士眼镜
300623.SZ,捷捷微电
300624.SZ,万兴科技
300625.SZ,三雄极光
300626.SZ,华瑞股份
300627.SZ,华测导航
300628.SZ,亿联网络
300629.SZ,新劲刚
300631.SZ,久吾高科
300632.SZ,光莆股份
300633.SZ,开立医疗
300634.SZ,彩讯股份
300635.SZ,中达安
300636.SZ,同和药业
300637.SZ,扬帆新材
300638.SZ,广和通
300639.SZ,凯普生物
300640.SZ,德艺文创
300641.SZ,正丹股份
300642.SZ,透景生命
300643.SZ,万通智控
300644.SZ,南京聚隆
300645.SZ,正元智慧
300647.SZ,超频三
300648.SZ,星云股份
300649.SZ,杭州园林
300650.SZ,太龙股份
300651.SZ,金陵体育
300652.SZ,雷迪克
300653.SZ,正海生物
300654.SZ,世纪天鸿
300655.SZ,晶瑞电材
300656.SZ,民德电子
300657.SZ,弘信电子
300658.SZ,延江股份
300659.SZ,中孚信息
300660.SZ,江苏雷利
300661.SZ,圣邦股份
300662.SZ,科锐国际
300663.SZ,科蓝软件
300664.SZ,鹏鹞环保
300665.SZ,飞鹿股份
300666.SZ,江丰电子
300667.SZ,必创科技
300668.SZ,杰恩设计
300669.SZ,沪宁股份
300670.SZ,大烨智能
300671.SZ,富满微
300672.SZ,国科微
300673.SZ,佩蒂股份
300674.SZ,宇信科技
300675.SZ,建科院
300676.SZ,华大基因
300677.SZ,英科医疗
300678.SZ,中科信息
300679.SZ,电连技术
300680.SZ,隆盛科技
300681.SZ,英搏尔
300682.SZ,朗新集团
300683.SZ,海特生物
300684.SZ,中石科技
300685.SZ,艾德生物
300686.SZ,智动力
300687.SZ,赛意信息
300688.SZ,创业黑马
300689.SZ,澄天伟业
300690.SZ,双一科技
300691.SZ,联合光电
300692.SZ,中环环保
300693.SZ,盛弘股份
300694.SZ,蠡湖股份
300695.SZ,兆丰股份
300696.SZ,爱乐达
300697.SZ,电工合金
300698.SZ,万马科技
300699.SZ,光威复材
300700.SZ,岱勒新材
300701.SZ,森霸传感
300702.SZ,天宇股份
300703.SZ,创源股份
300705.SZ,九典制药
300706.SZ,阿石创
300707.SZ,威唐工业
300708.SZ,聚灿光电
300709.SZ,精研科技
300710.SZ,万隆光电
300711.SZ,广哈通信
300712.SZ,永福股份
300713.SZ,英可瑞
300715.SZ,凯伦股份
300716.SZ,ST泉为
300717.SZ,华信新材
300718.SZ,长盛轴承
300719.SZ,安达维尔
300720.SZ,海川智能
300721.SZ,怡达股份
300722.SZ,新余国科
300723.SZ,一品红
300724.SZ,捷佳伟创
300725.SZ,药石科技
300726.SZ,宏达电子
300727.SZ,润禾材料
300729.SZ,乐歌股份
300730.SZ,科创信息
300731.SZ,科创新源
300732.SZ,设研院
300733.SZ,西菱动力
300735.SZ,光弘科技
300736.SZ,百邦科技
300737.SZ,科顺股份
300738.SZ,奥飞数据
300739.SZ,明阳电路
300740.SZ,水羊股份
300741.SZ,华宝股份
300743.SZ,天地数码
300745.SZ,欣锐科技
300746.SZ,汉嘉设计
300747.SZ,锐科激光
300748.SZ,金力永磁
300749.SZ,顶固集创
300750.SZ,宁德时代
300751.SZ,迈为股份
300752.SZ,隆利科技
300753.SZ,爱朋医疗
300755.SZ,华致酒行
300756.SZ,金马游乐
300757.SZ,罗博特科
300758.SZ,七彩化学
300759.SZ,康龙化成
300760.SZ,迈瑞医疗
300761.SZ,立华股份
300762.SZ,上海瀚讯
300763.SZ,锦浪科技
300765.SZ,新诺威
300766.SZ,每日互动
300767.SZ,震安科技
300768.SZ,迪普科技
300769.SZ,德方纳米
300770.SZ,新媒股份
300771.SZ,智莱科技
300772.SZ,运达股份
300773.SZ,拉卡拉
300774.SZ,倍杰特
300775.SZ,三角防务
300776.SZ,帝尔激光
300777.SZ,中简科技
300778.SZ,新城市
300779.SZ,惠城环保
300780.SZ,德恩精工
300781.SZ,因赛集团
300782.SZ,卓胜微
300783.SZ,三只松鼠
300784.SZ,利安科技
300785.SZ,值得买
300786.SZ,国林科技
300787.SZ,海能实业
300788.SZ,中信出版
300789.SZ,唐源电气
300790.SZ,宇瞳光学
300791.SZ,仙乐健康
300792.SZ,壹网壹创
300793.SZ,佳禾智能
300795.SZ,米奥会展
300796.SZ,贝斯美
300797.SZ,钢研纳克
300798.SZ,锦鸡股份
300800.SZ,力合科技
300801.SZ,泰和科技
300802.SZ,矩子科技
300803.SZ,指南针
300804.SZ,广康生化
300805.SZ,电声股份
300806.SZ,斯迪克
300807.SZ,天迈科技
300808.SZ,久量股份
300809.SZ,华辰装备
300810.SZ,中科海讯
300811.SZ,铂科新材
300812.SZ,易天股份
300813.SZ,泰林生物
300814.SZ,中富电路
300815.SZ,玉禾田
300816.SZ,艾可蓝
300817.SZ,双飞集团
300818.SZ,耐普矿机
300819.SZ,聚杰微纤
300820.SZ,英杰电气
300821.SZ,东岳硅材
300822.SZ,贝仕达克
300823.SZ,建科智能
300824.SZ,北鼎股份
300825.SZ,阿尔特
300826.SZ,测绘股份
300827.SZ,上能电气
300828.SZ,锐新科技
300829.SZ,金丹科技
300830.SZ,金现代
300831.SZ,派瑞股份
300832.SZ,新产业
300833.SZ,浩洋股份
300834.SZ,星辉环材
300835.SZ,龙磁科技
300836.SZ,佰奥智能
300837.SZ,浙矿股份
300838.SZ,浙江力诺
300839.SZ,博汇股份
300840.SZ,酷特智能
300841.SZ,康华生物
300842.SZ,帝科股份
300843.SZ,胜蓝股份
300844.SZ,山水比德
300845.SZ,捷安高科
300846.SZ,首都在线
300847.SZ,中船汉光
300848.SZ,美瑞新材
300849.SZ,锦盛新材
300850.SZ,新强联
300851.SZ,交大思诺
300852.SZ,四会富仕
300853.SZ,申昊科技
300854.SZ,中兰环保
300855.SZ,图南股份
300856.SZ,科思股份
300857.SZ,协创数据
300858.SZ,科拓生物
300859.SZ,西域旅游
300860.SZ,锋尚文化
300861.SZ,美畅股份
300862.SZ,蓝盾光电
300863.SZ,卡倍亿
300864.SZ,南大环境
300865.SZ,大宏立
300866.SZ,安克创新
300867.SZ,圣元环保
300868.SZ,杰美特
300869.SZ,康泰医学
300870.SZ,欧陆通
300871.SZ,回盛生物
300872.SZ,天阳科技
300873.SZ,海晨股份
300875.SZ,捷强装备
300876.SZ,蒙泰高新
300877.SZ,金春股份
300878.SZ,维康药业
300879.SZ,大叶股份
300880.SZ,迦南智能
300881.SZ,盛德鑫泰
300882.SZ,万胜智能
300883.SZ,龙利得
300884.SZ,狄耐克
300885.SZ,海昌新材
300886.SZ,华业香料
300887.SZ,谱尼测试
300888.SZ,稳健医疗
300889.SZ,爱克股份
300890.SZ,翔丰华
300891.SZ,惠云钛业
300892.SZ,品渥食品
300893.SZ,松原安全
300894.SZ,火星人
300895.SZ,铜牛信息
300896.SZ,爱美客
300897.SZ,山科智能
300898.SZ,熊猫乳品
300899.SZ,*ST凯鑫
300900.SZ,广联航空
300901.SZ,中胤时尚
300902.SZ,国安达
300903.SZ,科翔股份
300904.SZ,威力传动
300905.SZ,宝丽迪
300906.SZ,日月明
300907.SZ,康平科技
300908.SZ,仲景食品
300909.SZ,汇创达
300910.SZ,瑞丰新材
300911.SZ,亿田智能
300912.SZ,凯龙高科
300913.SZ,兆龙互连
300915.SZ,海融科技
300916.SZ,朗特智能
300917.SZ,特发服务
300918.SZ,南山智尚
300919.SZ,中伟股份
300920.SZ,润阳科技
300921.SZ,南凌科技
300922.SZ,天秦装备
300923.SZ,研奥股份
300925.SZ,法本信息
300926.SZ,博俊科技
300927.SZ,江天化学
300928.SZ,华安鑫创
300929.SZ,华骐环保
300930.SZ,屹通新材
300931.SZ,通用电梯
300932.SZ,三友联众
300933.SZ,中辰股份
300935.SZ,盈建科
300936.SZ,中英科技
300937.SZ,药易购
300938.SZ,信测标准
300939.SZ,秋田微
300940.SZ,南极光
300941.SZ,创识科技
300942.SZ,易瑞生物
300943.SZ,春晖智控
300945.SZ,曼卡龙
300946.SZ,恒而达
300947.SZ,德必集团
300948.SZ,冠中生态
300949.SZ,奥雅股份
300950.SZ,德固特
300951.SZ,博硕科技
300952.SZ,恒辉安防
300953.SZ,震裕科技
300955.SZ,嘉亨家化
300956.SZ,英力股份
300957.SZ,贝泰妮
300958.SZ,建工修复
300959.SZ,线上线下
300960.SZ,通业科技
300961.SZ,深水海纳
300962.SZ,中金辐照
300963.SZ,中洲特材
300964.SZ,本川智能
300965.SZ,恒宇信通
300966.SZ,共同药业
300967.SZ,晓鸣股份
300968.SZ,格林精密
300969.SZ,恒帅股份
300970.SZ,华绿生物
300971.SZ,博亚精工
300972.SZ,万辰集团
300973.SZ,立高食品
300975.SZ,商络电子
300976.SZ,达瑞电子
300977.SZ,深圳瑞捷
300978.SZ,东箭科技
300979.SZ,华利集团
300980.SZ,祥源新材
300981.SZ,中红医疗
300982.SZ,苏文电能
300983.SZ,尤安设计
300984.SZ,金沃股份
300985.SZ,致远新能
300986.SZ,志特新材
300987.SZ,川网传媒
300988.SZ,津荣天宇
300989.SZ,蕾奥规划
300990.SZ,同飞股份
300991.SZ,创益通
300992.SZ,泰福泵业
300993.SZ,玉马科技
300994.SZ,久祺股份
300995.SZ,奇德新材
300996.SZ,普联软件
300997.SZ,欢乐家
300998.SZ,宁波方正
300999.SZ,金龙鱼
301000.SZ,肇民科技
301001.SZ,凯淳股份
301002.SZ,崧盛股份
301003.SZ,江苏博云
301004.SZ,嘉益股份
301005.SZ,超捷股份
301006.SZ,迈拓股份
301007.SZ,德迈仕
301008.SZ,宏昌科技
301009.SZ,可靠股份
301010.SZ,晶雪节能
301011.SZ,华立科技
301012.SZ,扬电科技
301013.SZ,利和兴
301015.SZ,百洋医药
301016.SZ,雷尔伟
301017.SZ,漱玉平民
301018.SZ,申菱环境
301019.SZ,宁波色母
301020.SZ,密封科技
301021.SZ,英诺激光
301022.SZ,海泰科
301023.SZ,江南奕帆
301024.SZ,霍普股份
301025.SZ,读客文化
301026.SZ,浩通科技
301027.SZ,华蓝集团
301028.SZ,东亚机械
301029.SZ,怡合达
301030.SZ,仕净科技
301031.SZ,中熔电气
301032.SZ,新柴股份
301033.SZ,迈普医学
301035.SZ,润丰股份
301036.SZ,双乐股份
301037.SZ,保立佳
301038.SZ,深水规院
301039.SZ,中集车辆
301040.SZ,中环海陆
301041.SZ,金百泽
301042.SZ,安联锐视
301043.SZ,绿岛风
301045.SZ,天禄科技
301046.SZ,能辉科技
301047.SZ,义翘神州
301048.SZ,金鹰重工
301049.SZ,超越科技
301050.SZ,雷电微力
301051.SZ,信濠光电
301052.SZ,果麦文化
301053.SZ,远信工业
301055.SZ,张小泉
301056.SZ,森赫股份
301057.SZ,汇隆新材
301058.SZ,中粮科工
301059.SZ,金三江
301060.SZ,兰卫医学
301061.SZ,匠心家居
301062.SZ,上海艾录
301063.SZ,海锅股份
301065.SZ,本立科技
301066.SZ,万事利
301067.SZ,显盈科技
301068.SZ,大地海洋
301069.SZ,凯盛新材
301070.SZ,开勒股份
301071.SZ,力量钻石
301072.SZ,中捷精工
301073.SZ,君亭酒店
301075.SZ,多瑞医药
301076.SZ,新瀚新材
301077.SZ,星华新材
301078.SZ,孩子王
301079.SZ,邵阳液压
301080.SZ,百普赛斯
301081.SZ,严牌股份
301082.SZ,久盛电气
301083.SZ,百胜智能
301085.SZ,亚康股份
301086.SZ,鸿富瀚
301087.SZ,可孚医疗
301088.SZ,戎美股份
301089.SZ,拓新药业
301090.SZ,华润材料
301091.SZ,深城交
301092.SZ,争光股份
301093.SZ,华兰股份
301095.SZ,广立微
301096.SZ,百诚医药
301097.SZ,天益医疗
301098.SZ,金埔园林
301099.SZ,雅创电子
301100.SZ,风光股份
301101.SZ,明月镜片
301102.SZ,兆讯传媒
301103.SZ,何氏眼科
301105.SZ,鸿铭股份
301106.SZ,骏成科技
301107.SZ,瑜欣电子
301108.SZ,洁雅股份
301109.SZ,军信股份
301110.SZ,青木科技
301111.SZ,粤万年青
301112.SZ,信邦智能
301113.SZ,雅艺科技
301115.SZ,联检科技
301116.SZ,益客食品
301117.SZ,佳缘科技
301118.SZ,恒光股份
301119.SZ,正强股份
301120.SZ,新特电气
301121.SZ,紫建电子
301122.SZ,采纳股份
301123.SZ,奕东电子
301125.SZ,腾亚精工
301126.SZ,达嘉维康
301127.SZ,武汉天源
301128.SZ,强瑞技术
301129.SZ,瑞纳智能
301130.SZ,西点药业
301131.SZ,聚赛龙
301132.SZ,满坤科技
301133.SZ,金钟股份
301135.SZ,瑞德智能
301136.SZ,招标股份
301137.SZ,哈焊华通
301138.SZ,华研精机
301139.SZ,元道通信
301141.SZ,中科磁业
301148.SZ,嘉戎技术
301149.SZ,隆华新材
301150.SZ,中一科技
301151.SZ,冠龙节能
301152.SZ,天力锂能
301153.SZ,中科江南
301155.SZ,海力风电
301156.SZ,美农生物
301157.SZ,华塑科技
301158.SZ,德石股份
301159.SZ,三维天地
301160.SZ,翔楼新材
301161.SZ,唯万密封
301162.SZ,国能日新
301163.SZ,宏德股份
301165.SZ,锐捷网络
301166.SZ,优宁维
301167.SZ,建研设计
301168.SZ,通灵股份
301169.SZ,零点有数
301170.SZ,锡南科技
301171.SZ,易点天下
301172.SZ,君逸数码
301173.SZ,毓恬冠佳
301175.SZ,中科环保
301176.SZ,逸豪新材
301177.SZ,迪阿股份
301178.SZ,天亿马
301179.SZ,泽宇智能
301180.SZ,万祥科技
301181.SZ,标榜股份
301182.SZ,凯旺科技
301183.SZ,东田微
301185.SZ,鸥玛软件
301186.SZ,超达装备
301187.SZ,欧圣电气
301188.SZ,力诺药包
301189.SZ,奥尼电子
301190.SZ,善水科技
301191.SZ,菲菱科思
301192.SZ,泰祥股份
301193.SZ,家联科技
301195.SZ,北路智控
301196.SZ,唯科科技
301197.SZ,工大科雅
301198.SZ,喜悦智行
301199.SZ,迈赫股份
301200.SZ,大族数控
301201.SZ,诚达药业
301202.SZ,朗威股份
301203.SZ,国泰环保
301205.SZ,联特科技
301206.SZ,三元生物
301207.SZ,华兰疫苗
301208.SZ,中亦科技
301209.SZ,联合化学
301210.SZ,金杨股份
301211.SZ,亨迪药业
301212.SZ,联盛化学
301213.SZ,观想科技
301215.SZ,中汽股份
301216.SZ,万凯新材
301217.SZ,铜冠铜箔
301218.SZ,华是科技
301219.SZ,腾远钴业
301220.SZ,亚香股份
301221.SZ,光庭信息
301222.SZ,浙江恒威
301223.SZ,中荣股份
301225.SZ,恒勃股份
301226.SZ,祥明智能
301227.SZ,森鹰窗业
301228.SZ,实朴检测
301229.SZ,纽泰格
301230.SZ,泓博医药
301231.SZ,荣信文化
301232.SZ,飞沃科技
301233.SZ,盛帮股份
301234.SZ,五洲医疗
301235.SZ,华康洁净
301236.SZ,软通动力
301237.SZ,和顺科技
301238.SZ,瑞泰新材
301239.SZ,普瑞眼科
301246.SZ,宏源药业
301248.SZ,杰创智能
301251.SZ,威尔高
301252.SZ,同星科技
301255.SZ,通力科技
301256.SZ,华融化学
301257.SZ,普蕊斯
301258.SZ,富士莱
301259.SZ,艾布鲁
301260.SZ,格力博
301261.SZ,恒工精密
301262.SZ,海看股份
301263.SZ,泰恩康
301265.SZ,华新环保
301266.SZ,宇邦新材
301267.SZ,华厦眼科
301268.SZ,铭利达
301269.SZ,华大九天
301270.SZ,汉仪股份
301272.SZ,英华特
301273.SZ,瑞晨环保
301275.SZ,汉朔科技
301276.SZ,嘉曼服饰
301277.SZ,新天地
301278.SZ,快可电子
301279.SZ,金道科技
301280.SZ,珠城科技
301281.SZ,科源制药
301282.SZ,金禄电子
301283.SZ,聚胶股份
301285.SZ,鸿日达
301286.SZ,侨源股份
301287.SZ,康力源
301288.SZ,*ST清研
301289.SZ,国缆检测
301290.SZ,东星医疗
301291.SZ,明阳电气
301292.SZ,海科新源
301293.SZ,三博脑科
301295.SZ,美硕科技
301296.SZ,新巨丰
301297.SZ,富乐德
301298.SZ,东利机械
301299.SZ,卓创资讯
301300.SZ,远翔新材
301301.SZ,川宁生物
301302.SZ,华如科技
301303.SZ,真兰仪表
301305.SZ,朗坤科技
301306.SZ,西测测试
301307.SZ,美利信
301308.SZ,江波龙
301309.SZ,万得凯
301310.SZ,鑫宏业
301311.SZ,昆船智能
301312.SZ,智立方
301313.SZ,凡拓数创
301314.SZ,科瑞思
301315.SZ,威士顿
301316.SZ,慧博云通
301317.SZ,鑫磊股份
301318.SZ,维海德
301319.SZ,唯特偶
301320.SZ,豪江智能
301321.SZ,翰博高新
301322.SZ,绿通科技
301323.SZ,新莱福
301325.SZ,曼恩斯特
301326.SZ,捷邦科技
301327.SZ,华宝新能
301328.SZ,维峰电子
301329.SZ,信音电子
301330.SZ,熵基科技
301331.SZ,恩威医药
301332.SZ,德尔玛
301333.SZ,诺思格
301335.SZ,天元宠物
301336.SZ,趣睡科技
301337.SZ,亚华电子
301338.SZ,凯格精机
301339.SZ,通行宝
301345.SZ,涛涛车业
301348.SZ,蓝箭电子
301349.SZ,信德新材
301353.SZ,普莱得
301355.SZ,南王科技
301356.SZ,天振股份
301357.SZ,北方长龙
301358.SZ,湖南裕能
301359.SZ,东南电子
301360.SZ,荣旗科技
301361.SZ,众智科技
301362.SZ,民爆光电
301363.SZ,美好医疗
301365.SZ,矩阵股份
301366.SZ,一博科技
301367.SZ,瑞迈特
301368.SZ,丰立智能
301369.SZ,联动科技
301370.SZ,国科恒泰
301371.SZ,敷尔佳
301372.SZ,科净源
301373.SZ,凌玮科技
301376.SZ,致欧科技
301377.SZ,鼎泰高科
301378.SZ,通达海
301379.SZ,天山电子
301380.SZ,挖金客
301381.SZ,赛维时代
301382.SZ,蜂助手
301383.SZ,天键股份
301386.SZ,未来电器
301387.SZ,光大同创
301388.SZ,欣灵电气
301389.SZ,隆扬电子
301390.SZ,经纬股份
301391.SZ,卡莱特
301392.SZ,汇成真空
301393.SZ,昊帆生物
301395.SZ,仁信新材
301396.SZ,宏景科技
301397.SZ,溯联股份
301398.SZ,星源卓镁
301399.SZ,英特科技
301408.SZ,华人健康
301413.SZ,安培龙
301418.SZ,协昌科技
301419.SZ,阿莱德
301421.SZ,波长光电
301428.SZ,世纪恒通
301429.SZ,森泰股份
301439.SZ,泓淋电力
301446.SZ,福事特
301448.SZ,开创电气
301456.SZ,盘古智能
301458.SZ,钧崴电子
301459.SZ,丰茂股份
301468.SZ,博盈特焊
301469.SZ,恒达新材
301479.SZ,弘景光电
301486.SZ,致尚科技
301487.SZ,盟固利
301488.SZ,豪恩汽电
301489.SZ,思泉新材
301498.SZ,乖宝宠物
301499.SZ,维科精密
301500.SZ,飞南资源
301501.SZ,恒鑫生活
301502.SZ,华阳智能
301503.SZ,智迪科技
301505.SZ,苏州规划
301507.SZ,民生健康
301508.SZ,中机认检
301509.SZ,金凯生科
301510.SZ,固高科技
301511.SZ,德福科技
301512.SZ,智信精密
301515.SZ,港通医疗
301516.SZ,中远通
301517.SZ,陕西华达
301518.SZ,长华化学
301519.SZ,舜禹股份
301520.SZ,万邦医药
301522.SZ,上大股份
301525.SZ,儒竞科技
301526.SZ,国际复材
301528.SZ,多浦乐
301529.SZ,福赛科技
301533.SZ,威马农机
301535.SZ,浙江华远
301536.SZ,星宸科技
301538.SZ,骏鼎达
301539.SZ,宏鑫科技
301548.SZ,崇德科技
301550.SZ,斯菱股份
301551.SZ,无线传媒
301552.SZ,科力装备
301555.SZ,惠柏新材
301556.SZ,托普云农
301557.SZ,常友科技
301558.SZ,三态股份
301559.SZ,中集环科
301560.SZ,众捷汽车
301565.SZ,中仑新材
301566.SZ,达利凯普
301567.SZ,贝隆精密
301568.SZ,思泰克
301571.SZ,国科天成
301577.SZ,美信科技
301578.SZ,辰奕智能
301580.SZ,爱迪特
301581.SZ,黄山谷捷
301585.SZ,蓝宇股份
301586.SZ,佳力奇
301587.SZ,中瑞股份
301588.SZ,美新科技
301589.SZ,诺瓦星云
301590.SZ,优优绿能
301591.SZ,肯特股份
301592.SZ,六九一二
301595.SZ,太力科技
301596.SZ,瑞迪智驱
301598.SZ,博科测试
301600.SZ,慧翰股份
301601.SZ,惠通科技
301602.SZ,超研股份
301603.SZ,乔锋智能
301606.SZ,绿联科技
301607.SZ,富特科技
301608.SZ,博实结
301611.SZ,珂玛科技
301613.SZ,新铝时代
301616.SZ,浙江华业
301617.SZ,博苑股份
301618.SZ,长联科技
301622.SZ,英思特
301626.SZ,苏州天脉
301628.SZ,强达电路
301629.SZ,矽电股份
301631.SZ,壹连科技
301633.SZ,港迪技术
301636.SZ,泽润新能
301658.SZ,首航新能
301662.SZ,宏工科技
301665.SZ,泰禾股份
302132.SZ,中航成飞
